ch_id,name,follower_num,category_id,cost,views,addr_city,addr_gu,addr_dong,h_code,target_w,target_m,target_10,target_20,target_30,target_40,target_50,target_60
1,화롱,3035,100000,100000,2000,서울시,동작구,흑석동,1159060500,50.0,50.0,10.0,20.0,20.0,20.0,20.0,10.0
2,엠브로,4285,100000,100000,2000,서울시,강남구,삼성2동,1168059000,50.0,50.0,10.0,20.0,20.0,20.0,20.0,10.0
3,새벽,644000,500000,30912000,13978,서울시,구로구,구로4동,1153055000,39.0,61.0,7.0,19.0,61.0,8.0,3.0,1.0
4,DAISY 데이지,496000,500000,23808000,45424,서울시,서대문구,천연동,1141052000,38.0,62.0,0.0,95.0,1.0,2.0,1.0,0.0
5,딩고 뷰티 / dingo beauty,424000,500000,20352000,47901,서울시,강남구,압구정동,1168054500,67.0,33.0,0.0,44.0,54.0,0.0,1.0,0.0
6,So Young,361000,500000,17328000,1361,서울시,구로구,개봉3동,1153076000,76.0,24.0,4.0,0.0,53.0,0.0,9.0,33.0
7,유정 YU JEONG,304000,500000,14592000,19673,서울시,중랑구,면목7동,1126057000,20.0,80.0,5.0,3.0,82.0,0.0,0.0,8.0
8,조두팔,267000,500000,12816000,572201,서울시,강북구,삼양동,1130553400,11.0,89.0,18.0,0.0,4.0,1.0,29.0,47.0
9,김무비 KIM MOVIE,242000,500000,11616000,19417,서울시,마포구,공덕동,1144056500,3.0,97.0,1.0,82.0,5.0,8.0,0.0,1.0
10,썸블리,212000,500000,10176000,24959,서울시,강동구,성내2동,1174065000,25.0,75.0,53.0,39.0,4.0,1.0,1.0,1.0
11,Wonhee,194000,500000,9312000,3050,서울시,강서구,방화1동,1150063000,44.0,56.0,8.0,4.0,18.0,4.0,37.0,27.0
12,SoriNotSorry!소리,182000,500000,8736000,11493,서울시,성북구,보문동,1129061000,6.0,94.0,15.0,22.0,32.0,26.0,2.0,0.0
13,파우더룸,168000,500000,8064000,38423,서울시,종로구,종로1.2.3.4가동,1111061500,87.0,13.0,7.0,3.0,1.0,26.0,46.0,16.0
14,채경chaekyung,145000,500000,6960000,13120,서울시,은평구,증산동,1138064000,60.0,40.0,33.0,58.0,1.0,0.0,0.0,1.0
15,라엘왁싱 논현본점,135000,500000,6480000,5698,서울시,강남구,수서동,1168075000,67.0,33.0,0.0,1.0,0.0,98.0,0.0,0.0
16,Bella벨라,119000,500000,5712000,5427,서울시,강남구,논현2동,1168053100,85.0,15.0,23.0,2.0,51.0,5.0,1.0,16.0
17,바른남자 준구씨 come2david,109000,500000,5232000,28564,서울시,구로구,신도림동,1153051000,46.0,54.0,27.0,0.0,28.0,9.0,20.0,13.0
18,YUZU 유즈,103000,500000,4944000,14399,서울시,노원구,상계6.7동,1135069500,55.0,45.0,2.0,38.0,6.0,50.0,0.0,2.0
19,챙잇뷰티 CHAEYOUNG,94200,500000,4521600,11321,서울시,송파구,삼전동,1171061000,84.0,16.0,0.0,6.0,62.0,0.0,30.0,1.0
20,THESUZY더수지,89100,500000,5000000,9418,서울시,관악구,성현동,1162056500,68.0,32.0,0.0,32.0,0.0,66.0,0.0,1.0
21,뭐혜연,82400,500000,3955200,34532,서울시,양천구,신정4동,1147065000,37.0,63.0,1.0,1.0,65.0,6.0,26.0,0.0
22,에이프롬 ÁFROM,73600,500000,3532800,4171,서울시,관악구,대학동,1162073500,59.0,41.0,3.0,37.0,26.0,0.0,32.0,1.0
23,Kobe Jeans 코비진스,67000,500000,3216000,6919,서울시,강북구,송천동,1130555500,61.0,39.0,0.0,98.0,0.0,1.0,0.0,0.0
24,YoonJae윤졔,62400,500000,2995200,3437,서울시,종로구,가회동,1111060000,32.0,68.0,3.0,0.0,20.0,21.0,55.0,0.0
25,차홍 CHAHONG OFFICIAL,59800,500000,2870400,10966,서울시,강서구,우장산동,1150061500,82.0,18.0,0.0,0.0,0.0,97.0,2.0,0.0
26,studio에이블리,57000,500000,2736000,117714,서울시,동대문구,이문1동,1123074000,76.0,24.0,58.0,3.0,6.0,23.0,2.0,5.0
27,오대리Oderi,55100,500000,2644800,12828,서울시,중구,다산동,1114062500,14.0,86.0,1.0,5.0,7.0,70.0,16.0,0.0
28,Baby le bonbon,52300,500000,2510400,30,서울시,성북구,정릉4동,1129065000,3.0,97.0,54.0,0.0,28.0,1.0,14.0,0.0
29,Happyrim혜림쌤,49800,500000,2390400,2977,서울시,중랑구,상봉1동,1126058000,67.0,33.0,3.0,1.0,1.0,59.0,11.0,18.0
30,호호시,47400,500000,2275200,9641,서울시,강북구,수유3동,1130563000,77.0,23.0,2.0,87.0,0.0,0.0,1.0,9.0
31,MYSTER LEE터리,44000,500000,2112000,3490,서울시,서대문구,홍제3동,1141064000,55.0,45.0,22.0,0.0,9.0,0.0,0.0,68.0
32,여니네일 YeoniNail,41800,500000,2006400,85,서울시,강서구,화곡1동,1150054000,22.0,78.0,6.0,64.0,17.0,4.0,1.0,3.0
33,Mua_yun윤,38900,500000,1867200,1399,서울시,양천구,신월4동,1147059000,65.0,35.0,15.0,0.0,0.0,1.0,83.0,0.0
34,지희꽃JH_flower,37200,500000,1785600,8942,서울시,강북구,수유1동,1130561000,69.0,31.0,0.0,0.0,5.0,0.0,0.0,93.0
35,세이SAY,35100,500000,1684800,474,서울시,금천구,시흥5동,1154571000,23.0,77.0,0.0,28.0,12.0,3.0,40.0,13.0
36,CQ씨큐,33000,500000,1584000,467,서울시,양천구,신월3동,1147058000,21.0,79.0,0.0,1.0,0.0,72.0,25.0,1.0
37,보은 Boeun,31700,500000,1521600,352,서울시,금천구,시흥5동,1154571000,47.0,53.0,0.0,2.0,7.0,2.0,40.0,47.0
38,MAMONDE 마몽드 KOREA,29600,500000,1420800,757,서울시,관악구,인헌동,1162062500,33.0,67.0,23.0,0.0,2.0,72.0,0.0,1.0
39,마이뷰티씨 MyBeautyC,27600,500000,1324800,653318,서울시,강동구,천호1동,1174060000,65.0,35.0,0.0,0.0,0.0,3.0,96.0,0.0
40,THEFACESHOP,26300,500000,1262400,24602,서울시,동작구,노량진2동,1159052000,56.0,44.0,17.0,37.0,11.0,4.0,9.0,19.0
41,머리 만지는 사람 헤어연구소,23800,500000,1142400,2503,서울시,동대문구,청량리동,1123070500,11.0,89.0,0.0,2.0,66.0,0.0,28.0,1.0
42,피알남 피부과전문의 김홍석,23000,500000,1104000,9886,서울시,서대문구,충현동,1141056500,98.0,2.0,6.0,0.0,92.0,0.0,1.0,0.0
43,쥰나의 행복한 하루,21800,500000,1046400,1112,서울시,도봉구,창3동,1132051300,57.0,43.0,57.0,1.0,1.0,5.0,9.0,26.0
44,가은,20500,500000,984000,3539,서울시,강남구,압구정동,1168054500,24.0,76.0,0.0,0.0,50.0,0.0,46.0,3.0
45,혜원시,19600,500000,940800,155,서울시,강북구,삼각산동,1130557500,34.0,66.0,88.0,0.0,0.0,0.0,11.0,0.0
46,Ugarit 유가릿,18100,500000,868800,798,서울시,강남구,대치2동,1168061000,45.0,55.0,40.0,0.0,0.0,7.0,52.0,0.0
47,독고다LEE,17200,500000,825600,1132,서울시,동작구,사당2동,1159063000,52.0,48.0,3.0,2.0,40.0,10.0,18.0,23.0
48,[DFWM] 동대문 패션 도매시장,16500,500000,792000,82,서울시,강서구,화곡3동,1150056000,74.0,26.0,0.0,3.0,72.0,3.0,0.0,21.0
49,Lisa 리사,15600,500000,748800,465,서울시,관악구,대학동,1162073500,2.0,98.0,0.0,99.0,0.0,0.0,0.0,0.0
50,엘수정,14700,500000,705600,1087,서울시,동대문구,이문2동,1123075000,86.0,14.0,1.0,42.0,48.0,4.0,1.0,0.0
51,파뿌리,755000,100000,6040000,808554,서울시,송파구,풍납1동,1171051000,52.0,48.0,0.0,57.0,0.0,3.0,1.0,38.0
52,맛상무,514000,100000,15000000,170297,서울시,용산구,한강로동,1117062500,88.0,12.0,7.0,5.0,40.0,2.0,35.0,9.0
53,박병진용사,365000,100000,15000000,153993,서울시,중구,을지로동,1114060500,23.0,77.0,57.0,0.0,0.0,5.0,33.0,4.0
54,Viet Han Couple한베커플,263000,100000,2104000,224551,서울시,강동구,성내2동,1174065000,80.0,20.0,52.0,47.0,0.0,0.0,0.0,0.0
55,돼지런한 생활 Let Eat Be,222000,100000,1776000,19640,서울시,마포구,연남동,1144071000,85.0,15.0,6.0,32.0,9.0,20.0,0.0,0.0
56,이영자 채널 :LYJ CH.,169000,100000,1352000,318,서울시,송파구,잠실3동,1171068000,98.0,2.0,94.0,4.0,0.0,0.0,0.0,0.0
57,약속해TV,136000,100000,1088000,63882,서울시,용산구,보광동,1117070000,66.0,34.0,3.0,2.0,37.0,1.0,26.0,26.0
58,김기쁨,105000,100000,840000,30937,서울시,은평구,구산동,1138056000,79.0,21.0,9.0,0.0,9.0,75.0,5.0,1.0
59,aguTV eric,84100,100000,672800,162,서울시,종로구,혜화동,1111065000,64.0,36.0,12.0,0.0,31.0,49.0,2.0,2.0
60,JASON TV,68600,100000,548800,70594,서울시,성북구,삼선동,1129055500,85.0,15.0,3.0,0.0,94.0,0.0,1.0,0.0
61,균TV [Gyuntv],55800,100000,446400,10765,서울시,서대문구,충현동,1141056500,22.0,78.0,11.0,0.0,5.0,8.0,7.0,65.0
62,님레비,48000,100000,384000,1553,서울시,노원구,하계1동,1135061100,87.0,13.0,50.0,4.0,6.0,16.0,19.0,1.0
63,취권래퍼유민수,41100,100000,328800,2611,서울시,용산구,원효로2동,1117057000,31.0,69.0,45.0,6.0,7.0,37.0,3.0,0.0
64,SpoonB스푼비,32800,100000,262400,1674,서울시,은평구,응암1동,1138058000,6.0,94.0,25.0,0.0,7.0,56.0,8.0,1.0
65,노리NORI,28900,100000,231200,2869,서울시,영등포구,당산2동,1156056000,46.0,54.0,9.0,10.0,64.0,1.0,1.0,14.0
66,투비,24100,100000,192800,1259,서울시,서초구,반포2동,1165057000,19.0,81.0,0.0,1.0,0.0,95.0,2.0,1.0
67,섭이는못말려,1190000,800000,19040000,21466,서울시,성북구,월곡1동,1129071500,46.0,54.0,18.0,64.0,13.0,0.0,4.0,0.0
68,HANA 김하나,1060000,800000,30000000,86444,서울시,영등포구,영등포본동,1156051500,77.0,23.0,11.0,7.0,0.0,81.0,0.0,0.0
69,휘트니 whitney bae,869000,800000,13904000,247890,서울시,송파구,문정1동,1171064100,3.0,97.0,29.0,19.0,1.0,0.0,50.0,0.0
70,Mimine Miniature 미미네 미니어쳐,767000,800000,12272000,11444,서울시,강남구,청담동,1168056500,6.0,94.0,6.0,64.0,0.0,10.0,5.0,14.0
71,여정을떠난여정,711000,800000,11376000,12946,서울시,중랑구,면목3.8동,1126057500,25.0,75.0,0.0,25.0,31.0,3.0,40.0,0.0
72,미소,556000,800000,8896000,5644,서울시,관악구,난향동,1162071500,19.0,81.0,13.0,9.0,0.0,0.0,74.0,3.0
73,시미켄 TV,532000,800000,8512000,212860,서울시,용산구,용문동,1117059000,82.0,18.0,0.0,0.0,0.0,28.0,15.0,56.0
74,이라이라경,514000,800000,8224000,47589,서울시,영등포구,당산1동,1156055000,86.0,14.0,5.0,55.0,0.0,5.0,5.0,28.0
75,찬우살이,474000,800000,7584000,4479,서울시,도봉구,쌍문1동,1132066000,50.0,50.0,2.0,31.0,9.0,44.0,7.0,2.0
76,금강연화,438000,800000,7008000,374934,서울시,강남구,논현1동,1168052100,25.0,75.0,21.0,2.0,69.0,5.0,0.0,2.0
77,창이의일상,416000,800000,6656000,93779,서울시,양천구,신월1동,1147056000,30.0,70.0,1.0,2.0,5.0,3.0,27.0,58.0
78,느낌적인느낌,392000,800000,25000000,28460,서울시,도봉구,쌍문1동,1132066000,78.0,22.0,13.0,0.0,72.0,1.0,4.0,8.0
79,비썹 Bssup,335000,800000,5360000,98983,서울시,강남구,청담동,1168056500,62.0,38.0,62.0,6.0,19.0,12.0,0.0,0.0
80,김나영의 nofilterTV,315000,800000,5040000,231771,서울시,종로구,혜화동,1111065000,64.0,36.0,1.0,0.0,6.0,1.0,0.0,91.0
81,에렌디라,294000,800000,4704000,43218,서울시,성북구,장위2동,1129077000,71.0,29.0,58.0,0.0,0.0,30.0,0.0,11.0
82,딩가의 회전목마 DINGA,275000,800000,4400000,27883,서울시,종로구,교남동,1111058000,63.0,37.0,2.0,3.0,0.0,8.0,86.0,0.0
83,김덕배 이야기,262000,800000,4192000,195558,서울시,영등포구,신길7동,1156069000,31.0,69.0,10.0,28.0,30.0,1.0,10.0,18.0
84,정배우JungTube,246000,800000,3936000,640459,서울시,중구,다산동,1114062500,18.0,82.0,0.0,27.0,0.0,70.0,0.0,2.0
85,날라리데이브!,228000,800000,3648000,8375,서울시,관악구,신원동,1162065500,12.0,88.0,51.0,19.0,3.0,19.0,2.0,5.0
86,별난박TV(Wacky TV),208000,800000,3328000,121492,서울시,강북구,수유1동,1130561000,67.0,33.0,0.0,41.0,11.0,46.0,0.0,1.0
87,BJ이슬이 SeulTV,194000,800000,3104000,1247,서울시,강서구,방화3동,1150064100,41.0,59.0,0.0,0.0,6.0,0.0,91.0,2.0
88,동빠,182000,800000,2912000,17533,서울시,송파구,잠실7동,1171072000,29.0,71.0,53.0,18.0,2.0,0.0,26.0,0.0
89,리도동동Leedo,175000,800000,2800000,43385,서울시,강서구,방화3동,1150064100,78.0,22.0,78.0,0.0,0.0,0.0,21.0,0.0
90,유이뿅YUIPYON,168000,800000,2688000,684682,서울시,구로구,개봉1동,1153074000,84.0,16.0,0.0,5.0,87.0,5.0,2.0,0.0
91,채널 김철수 CHANNEL GIMCHEOLSOO,162000,800000,2592000,18588,서울시,양천구,신정4동,1147065000,14.0,86.0,0.0,2.0,6.0,0.0,0.0,91.0
92,맫체열,153000,800000,2448000,2319,서울시,성북구,장위1동,1129076000,6.0,94.0,57.0,5.0,5.0,3.0,19.0,10.0
93,Ktown4u,147000,800000,2352000,34544,서울시,강북구,번2동,1130560000,91.0,9.0,1.0,11.0,56.0,0.0,10.0,21.0
94,팝송읽어주는여자Jina,142000,800000,2272000,13213,서울시,강동구,둔촌1동,1174069000,32.0,68.0,0.0,28.0,65.0,4.0,2.0,0.0
95,선비방송,135000,800000,2160000,13474,서울시,중구,명동,1114055000,30.0,70.0,78.0,1.0,12.0,3.0,0.0,5.0
96,양품생활,131000,800000,2096000,30629,서울시,동대문구,장안1동,1123065000,89.0,11.0,0.0,1.0,0.0,0.0,0.0,98.0
97,S.W.entertainment,125000,800000,2000000,11725,서울시,마포구,아현동,1144055500,98.0,2.0,50.0,17.0,16.0,6.0,0.0,10.0
98,CheritzTeam,120000,800000,1920000,4260,서울시,중랑구,묵2동,1126063000,12.0,88.0,4.0,54.0,0.0,24.0,3.0,14.0
99,happy3days,119000,800000,1904000,-455416,서울시,강남구,일원본동,1168072000,27.0,73.0,68.0,0.0,31.0,0.0,0.0,0.0
100,긍정적소녀,115000,800000,1840000,1498,서울시,강동구,고덕2동,1174056000,47.0,53.0,15.0,3.0,44.0,7.0,6.0,22.0
101,잘익은꽃대하,111000,800000,1776000,1107,서울시,관악구,행운동,1162057500,62.0,38.0,0.0,8.0,2.0,0.0,2.0,85.0
102,우마 2,107000,800000,1712000,2207,서울시,서초구,반포본동,1165055000,97.0,3.0,0.0,0.0,0.0,1.0,98.0,0.0
103,해쭈 [HAEJOO],103000,800000,1648000,-28497,서울시,강북구,삼양동,1130553400,36.0,64.0,0.0,52.0,0.0,34.0,0.0,13.0
104,치과의사이수진,100000,800000,1600000,16622,서울시,구로구,오류1동,1153077000,27.0,73.0,6.0,0.0,67.0,3.0,11.0,9.0
105,[하말넘많] heavytalker,99300,800000,1588800,29222,서울시,성동구,성수1가1동,1120065000,84.0,16.0,0.0,30.0,1.0,0.0,0.0,68.0
106,[oujjo]우유쪼조아,96400,800000,1542400,1957,서울시,강남구,대치2동,1168061000,28.0,72.0,2.0,81.0,0.0,0.0,0.0,16.0
107,99film Official,90900,800000,1454400,52286,서울시,송파구,풍납1동,1171051000,98.0,2.0,2.0,0.0,0.0,80.0,2.0,15.0
108,이승희,87700,800000,1403200,5950,서울시,노원구,상계8동,1135070000,89.0,11.0,1.0,77.0,1.0,3.0,0.0,17.0
109,쌀이없어요,84500,800000,1352000,4366,서울시,강서구,발산1동,1150061100,50.0,50.0,0.0,99.0,0.0,0.0,0.0,0.0
110,JFS,80800,800000,1292800,58589,서울시,노원구,상계3.4동,1135066500,77.0,23.0,1.0,32.0,2.0,0.0,57.0,6.0
111,에엑샤,77800,800000,1244800,1740,서울시,도봉구,쌍문2동,1132067000,47.0,53.0,21.0,1.0,59.0,0.0,16.0,2.0
112,IngBung,75500,800000,1208000,309,서울시,노원구,공릉2동,1135060000,97.0,3.0,5.0,2.0,1.0,48.0,43.0,0.0
113,official miya,73000,800000,1168000,1891,서울시,영등포구,대림3동,1156072000,14.0,86.0,85.0,0.0,10.0,1.0,3.0,0.0
114,TV병신,70200,800000,1123200,20515,서울시,성동구,마장동,1120054000,2.0,98.0,4.0,0.0,28.0,56.0,10.0,0.0
115,고말숙,69100,800000,1105600,27382,서울시,강남구,대치1동,1168060000,19.0,81.0,70.0,5.0,0.0,10.0,4.0,10.0
116,모카씨,67100,800000,1073600,2546,서울시,강동구,둔촌1동,1174069000,5.0,95.0,30.0,13.0,27.0,0.0,16.0,13.0
117,핵인싸플레이,65600,800000,1049600,4088,서울시,강서구,가양3동,1150060500,84.0,16.0,16.0,31.0,10.0,5.0,1.0,2.0
118,삼승인 YISEUNGIN second,63600,800000,1017600,19896,서울시,중랑구,면목5동,1126055000,84.0,16.0,27.0,0.0,0.0,59.0,8.0,5.0
119,레트로봇TV,61200,800000,979200,4088,서울시,동작구,사당2동,1159063000,24.0,76.0,12.0,0.0,9.0,0.0,10.0,68.0
120,미국아재,59800,800000,956800,8423,서울시,성북구,안암동,1129060000,98.0,2.0,0.0,5.0,0.0,93.0,0.0,1.0
121,푸들커플,241000,800000,3856000,111730,서울시,서초구,잠원동,1165054000,32.0,68.0,81.0,1.0,0.0,2.0,13.0,2.0
122,Jang Hongan 홍안이,196000,800000,3136000,14579,서울시,양천구,신월5동,1147060000,66.0,34.0,6.0,0.0,4.0,89.0,0.0,0.0
123,[ MiraeTube ]미래가 미래다,176000,800000,2816000,37114,서울시,강동구,천호2동,1174061000,35.0,65.0,66.0,0.0,0.0,18.0,1.0,13.0
124,주은YOUTUBE,130000,800000,2080000,34985,서울시,서초구,방배2동,1165061000,5.0,95.0,0.0,0.0,0.0,0.0,0.0,99.0
125,효녀HYONYEO,122000,800000,1952000,9507,서울시,광진구,구의3동,1121586000,87.0,13.0,80.0,3.0,0.0,1.0,15.0,0.0
126,고탱 브이로그 Goteng Vlogs,111000,800000,1776000,3279,서울시,노원구,공릉2동,1135060000,6.0,94.0,32.0,1.0,12.0,3.0,12.0,32.0
127,멸치 myeolchi,100000,800000,1600000,202801,서울시,양천구,신정4동,1147065000,7.0,93.0,80.0,8.0,3.0,4.0,0.0,4.0
128,지희하이,90900,800000,1454400,525,서울시,용산구,보광동,1117070000,44.0,56.0,47.0,0.0,0.0,14.0,29.0,8.0
129,KASPER 캐스퍼,86200,800000,1379200,802,서울시,서대문구,충현동,1141056500,36.0,64.0,1.0,88.0,0.0,7.0,0.0,3.0
130,Mickey Seo,80300,800000,1284800,24634,서울시,관악구,미성동,1162076500,88.0,12.0,2.0,2.0,8.0,0.0,20.0,56.0
131,MD BAEGOPA,76600,800000,1225600,4467,서울시,중구,동화동,1114066500,42.0,58.0,0.0,14.0,0.0,5.0,0.0,80.0
132,주간 스티브,69600,800000,1113600,5,서울시,구로구,구로3동,1153054000,75.0,25.0,0.0,0.0,0.0,0.0,99.0,0.0
133,뀨우 kkyuu,65400,800000,1046400,7519,서울시,서초구,서초3동,1165053000,36.0,64.0,1.0,0.0,0.0,2.0,0.0,96.0
134,Aashish & Nahee,62000,800000,992000,5522,서울시,영등포구,대림2동,1156071000,45.0,55.0,1.0,31.0,15.0,49.0,1.0,1.0
135,JIEONE지어니,59400,800000,950400,169,서울시,서대문구,연희동,1141061500,4.0,96.0,0.0,11.0,0.0,6.0,82.0,0.0
136,단순한일상,56500,800000,904000,5816,서울시,양천구,신월2동,1147057000,84.0,16.0,41.0,1.0,8.0,1.0,3.0,27.0
137,윤혜진의 what see TV,54100,800000,865600,29917,서울시,송파구,풍납2동,1171052000,96.0,4.0,5.0,3.0,18.0,0.0,70.0,3.0
138,seoha오늘의 서하,51500,800000,824000,15611,서울시,중랑구,중화2동,1126061000,85.0,15.0,0.0,25.0,6.0,10.0,10.0,48.0
139,하누,49700,800000,795200,10782,서울시,강남구,신사동,1168051000,84.0,16.0,0.0,0.0,0.0,31.0,0.0,68.0
140,KBS Archive : 옛날티비,46900,800000,750400,84490,서울시,양천구,신월7동,1147061100,61.0,39.0,21.0,0.0,76.0,0.0,0.0,2.0
141,JLIPS 제이립스,45200,800000,723200,252,서울시,도봉구,도봉1동,1132052100,74.0,26.0,13.0,1.0,72.0,1.0,12.0,0.0
142,김미니민,43100,800000,689600,4420,서울시,서초구,방배2동,1165061000,74.0,26.0,0.0,46.0,0.0,0.0,53.0,0.0
143,미니유 마음대로 Miniyu,40000,800000,640000,276,서울시,중구,중림동,1114068000,75.0,25.0,0.0,92.0,6.0,0.0,1.0,0.0
144,하다튜브hadatube,38600,800000,617600,926,서울시,영등포구,도림동,1156058500,52.0,48.0,17.0,7.0,0.0,67.0,8.0,0.0
145,민경훈 TV,37300,800000,596800,8161,서울시,송파구,잠실6동,1171071000,28.0,72.0,59.0,29.0,5.0,6.0,0.0,0.0
146,전주스타일 Jeonju Style,35000,800000,560000,192,서울시,용산구,청파동,1117055500,7.0,93.0,14.0,1.0,0.0,0.0,0.0,84.0
147,xo_yeri,33300,800000,532800,1424,서울시,종로구,부암동,1111055000,73.0,27.0,28.0,1.0,0.0,0.0,0.0,70.0
148,boming보밍,31700,800000,507200,221,서울시,송파구,풍납2동,1171052000,27.0,73.0,18.0,1.0,17.0,4.0,13.0,45.0
149,정메지MEJI,30100,800000,481600,6337,서울시,성북구,길음2동,1129068500,37.0,63.0,38.0,0.0,1.0,14.0,31.0,2.0
150,비니빈,28900,800000,462400,7412,서울시,용산구,한남동,1117068500,39.0,61.0,0.0,55.0,5.0,11.0,0.0,26.0
151,멀쓰샵2019,27800,800000,444800,115,서울시,성동구,금호2.3가동,1120061500,25.0,75.0,4.0,7.0,0.0,1.0,46.0,38.0
152,이지호이죠_JiHo,26800,800000,428800,5284,서울시,노원구,월계3동,1135058000,47.0,53.0,19.0,0.0,43.0,1.0,36.0,0.0
153,선정스런하루,25600,800000,409600,3277,서울시,금천구,시흥5동,1154569000,55.0,45.0,22.0,21.0,0.0,0.0,0.0,56.0
154,newkay 뉴케이,25200,800000,403200,1257,서울시,성동구,행당2동,1120057000,70.0,30.0,9.0,27.0,39.0,14.0,9.0,0.0
155,이공LEEGONG,24500,800000,392000,246,서울시,광진구,중곡4동,1121577000,87.0,13.0,0.0,4.0,70.0,2.0,10.0,13.0
156,서새봄의 게임채널,23200,800000,371200,16446,서울시,서대문구,남가좌2동,1141070000,64.0,36.0,1.0,18.0,3.0,74.0,0.0,0.0
157,Dong-Seok Shin,22100,800000,353600,15401,서울시,강서구,등촌2동,1150053000,72.0,28.0,0.0,9.0,83.0,2.0,0.0,5.0
158,하면되겠지,21800,800000,348800,2748,서울시,강남구,도곡2동,1168065600,5.0,95.0,0.0,0.0,46.0,51.0,0.0,2.0
159,홍상일,21300,800000,340800,37199,서울시,강북구,삼양동,1130553400,85.0,15.0,52.0,0.0,1.0,0.0,44.0,2.0
160,홍빠빠TV,20600,800000,329600,2285,서울시,서대문구,남가좌1동,1141069000,61.0,39.0,1.0,0.0,0.0,0.0,95.0,3.0
161,진한커플JinHan.couple,20000,800000,320000,1777,서울시,성동구,금호2.3가동,1120061500,59.0,41.0,17.0,13.0,39.0,4.0,6.0,6.0
162,sejinsaywhat,19800,800000,316800,1,서울시,동작구,사당1동,1159062000,98.0,2.0,9.0,49.0,0.0,11.0,30.0,0.0
163,비즈니스커플Bizcouple,19100,800000,305600,92,서울시,노원구,공릉2동,1135060000,72.0,28.0,2.0,51.0,1.0,4.0,13.0,27.0
164,헤일리,18700,800000,299200,2017,서울시,관악구,대학동,1162073500,44.0,56.0,0.0,15.0,2.0,69.0,0.0,13.0
165,달밍쓰다다이어리,18300,800000,292800,325,서울시,종로구,무악동,1111057000,16.0,84.0,1.0,0.0,31.0,0.0,0.0,67.0
166,TV한세상,18000,800000,288000,1625,서울시,구로구,오류1동,1153077000,72.0,28.0,5.0,12.0,1.0,38.0,0.0,42.0
167,찌브JJI'b,17800,800000,284800,1440,서울시,강서구,등촌1동,1150052000,81.0,19.0,2.0,0.0,0.0,3.0,2.0,92.0
168,Fatemeh Mehlaban,17500,800000,280000,7780,서울시,노원구,중계본동,1135061900,70.0,30.0,0.0,0.0,0.0,96.0,0.0,3.0
169,Rose Jang,17300,800000,276800,11,서울시,강동구,고덕2동,1174056000,56.0,44.0,23.0,0.0,0.0,61.0,0.0,15.0
170,UR PRAWN,17000,800000,272000,2115,서울시,동대문구,청량리동,1123070500,72.0,28.0,0.0,90.0,8.0,0.0,1.0,0.0
171,YOLO!인영,16700,800000,267200,6737,서울시,강남구,삼성2동,1168059000,43.0,57.0,0.0,0.0,7.0,27.0,19.0,45.0
172,신지원 댄서의 일상,16500,800000,264000,248,서울시,용산구,효창동,1117058000,38.0,62.0,1.0,7.0,89.0,1.0,0.0,0.0
173,YunMun TV,16200,800000,259200,105,서울시,강동구,암사2동,1174058000,74.0,26.0,76.0,20.0,2.0,0.0,0.0,1.0
174,김보경,15800,800000,252800,8310,서울시,은평구,신사2동,1138063200,68.0,32.0,0.0,0.0,2.0,97.0,0.0,0.0
175,스페셜솔져 - 모바일FPS,757000,300000,12112000,135,서울시,관악구,중앙동,1162061500,67.0,33.0,2.0,22.0,9.0,36.0,21.0,8.0
176,삼식,650000,300000,10400000,33000,서울시,송파구,문정1동,1171064100,4.0,96.0,0.0,1.0,0.0,96.0,2.0,0.0
177,강 지,519000,300000,8304000,278863,서울시,중구,을지로동,1114060500,19.0,81.0,29.0,4.0,1.0,60.0,0.0,3.0
178,형독방송,471000,300000,7536000,434655,서울시,관악구,신사동,1162068500,7.0,93.0,10.0,4.0,56.0,9.0,0.0,9.0
179,수탉,430000,300000,6880000,189698,서울시,종로구,창신2동,1111068000,76.0,24.0,19.0,2.0,0.0,49.0,29.0,0.0
180,오버워치,413000,300000,6608000,47720,서울시,영등포구,양평2동,1156062000,42.0,58.0,53.0,0.0,0.0,20.0,19.0,4.0
181,YOU TUBE공갈,394000,300000,6304000,20898,서울시,관악구,신림동,1162069500,13.0,87.0,4.0,0.0,51.0,13.0,13.0,10.0
182,탬탬버린,373000,300000,5968000,186372,서울시,양천구,신정6동,1147067000,67.0,33.0,2.0,12.0,33.0,0.0,50.0,2.0
183,성시훈 유튜브,348000,300000,5568000,204374,서울시,영등포구,대림1동,1156070000,40.0,60.0,2.0,1.0,9.0,16.0,3.0,68.0
184,김택환,320000,300000,5120000,49816,서울시,중구,소공동,1114052000,78.0,22.0,0.0,3.0,20.0,73.0,3.0,0.0
185,미라지,305000,300000,4880000,186982,서울시,중구,동화동,1114066500,35.0,65.0,17.0,44.0,30.0,0.0,3.0,2.0
186,니얼굴윤겔라(geltube),290000,300000,4640000,15778,서울시,강남구,신사동,1168051000,56.0,44.0,5.0,0.0,0.0,0.0,27.0,67.0
187,ABC,276000,300000,4416000,0,서울시,송파구,송파2동,1171059000,3.0,97.0,77.0,10.0,2.0,0.0,0.0,9.0
188,클래시 오브 클랜,260000,300000,4160000,92580,서울시,강남구,개포2동,1168067000,1.0,99.0,1.0,44.0,21.0,0.0,31.0,2.0
189,오늘의카톡,246000,300000,3936000,8357,서울시,송파구,오륜동,1171056600,22.0,78.0,8.0,3.0,56.0,5.0,0.0,27.0
190,블개,236000,300000,3776000,49316,서울시,서대문구,충현동,1141056500,4.0,96.0,0.0,0.0,0.0,5.0,18.0,76.0
191,웁TV,222000,300000,3552000,120640,서울시,영등포구,신길4동,1156066000,3.0,97.0,23.0,4.0,1.0,55.0,4.0,10.0
192,eSportsTV,214000,300000,3424000,61478,서울시,강서구,가양2동,1150060400,20.0,80.0,52.0,2.0,2.0,9.0,13.0,12.0
193,만만,204000,300000,3264000,302407,서울시,성동구,왕십리도선동,1120053500,62.0,38.0,8.0,3.0,0.0,64.0,24.0,0.0
194,양아지,193000,300000,3088000,132589,서울시,양천구,신월6동,1147061000,65.0,35.0,0.0,6.0,49.0,34.0,4.0,2.0
195,디스 이즈 샤이,184000,300000,2944000,6498,서울시,강서구,가양1동,1150060300,60.0,40.0,52.0,12.0,8.0,0.0,27.0,0.0
196,신해조,178000,300000,2848000,172424,서울시,광진구,화양동,1121571000,19.0,81.0,5.0,48.0,2.0,3.0,6.0,26.0
197,369랑께 YouTube,170000,300000,2720000,6578,서울시,마포구,망원2동,1144070000,97.0,3.0,18.0,6.0,1.0,21.0,53.0,0.0
198,배티,166000,300000,2656000,40,서울시,구로구,개봉3동,1153076000,80.0,20.0,11.0,3.0,36.0,2.0,14.0,33.0
199,Youtube천양,158000,300000,2528000,85129,서울시,노원구,상계5동,1135067000,18.0,82.0,61.0,0.0,38.0,0.0,0.0,0.0
200,케인 TV,151000,300000,2416000,131249,서울시,도봉구,쌍문3동,1132068000,96.0,4.0,4.0,5.0,18.0,72.0,0.0,0.0
201,로빈,145000,300000,2320000,72275,서울시,영등포구,도림동,1156058500,43.0,57.0,0.0,1.0,98.0,0.0,0.0,0.0
202,넥슨 YouTube,137000,300000,2192000,16879,서울시,중랑구,면목7동,1126057000,81.0,19.0,0.0,3.0,0.0,11.0,39.0,44.0
203,탕카페TV,131000,300000,2096000,23073,서울시,강남구,논현2동,1168053100,88.0,12.0,0.0,43.0,23.0,0.0,33.0,0.0
204,살인마협회장,127000,300000,2032000,112969,서울시,노원구,월계1동,1135056000,98.0,2.0,0.0,3.0,24.0,6.0,65.0,0.0
205,애덕 유튜브,123000,300000,1968000,39404,서울시,서초구,내곡동,1165066000,52.0,48.0,3.0,47.0,35.0,0.0,14.0,0.0
206,김호랭,119000,300000,1904000,2239,서울시,도봉구,쌍문3동,1132068000,14.0,86.0,68.0,1.0,1.0,11.0,18.0,0.0
207,메이플 이득충,116000,300000,1856000,19615,서울시,마포구,성산2동,1144073000,81.0,19.0,2.0,16.0,7.0,6.0,48.0,20.0
208,코렛트YouTube,112000,300000,1792000,21371,서울시,종로구,무악동,1111057000,7.0,93.0,14.0,12.0,3.0,11.0,11.0,43.0
209,에스카,108000,300000,1728000,1378,서울시,동대문구,이문1동,1123074000,6.0,94.0,0.0,0.0,95.0,1.0,1.0,1.0
210,VR&GAME무결,105000,300000,1680000,2588,서울시,동작구,상도3동,1159055000,59.0,41.0,96.0,0.0,0.0,1.0,1.0,1.0
211,GameDO,103000,300000,1648000,29341,서울시,양천구,신월5동,1147060000,98.0,2.0,14.0,2.0,3.0,10.0,2.0,68.0
212,아기곰TV (babybear TV),97700,300000,1563200,20499,서울시,광진구,화양동,1121571000,16.0,84.0,4.0,3.0,72.0,2.0,12.0,3.0
213,뽀박사 뽀쪽 Dr Joon,93700,300000,1499200,20440,서울시,중구,동화동,1114066500,64.0,36.0,2.0,60.0,14.0,6.0,8.0,7.0
214,라이너TV,90300,300000,1444800,10091,서울시,마포구,대흥동,1144060000,97.0,3.0,0.0,1.0,5.0,8.0,79.0,2.0
215,고누리,87600,300000,1401600,4702,서울시,강동구,암사1동,1174057000,47.0,53.0,49.0,3.0,19.0,2.0,0.0,21.0
216,신속,85700,300000,1371200,33575,서울시,강서구,화곡본동,1150059000,46.0,54.0,11.0,10.0,38.0,0.0,39.0,1.0
217,유영혁,83900,300000,1342400,4372,서울시,중랑구,면목3.8동,1126057500,3.0,97.0,2.0,12.0,0.0,0.0,77.0,8.0
218,주둥이방송,81800,300000,1308800,4224,서울시,강북구,수유1동,1130561000,65.0,35.0,0.0,10.0,60.0,6.0,21.0,2.0
219,똥그랩,79000,300000,1264000,5834,서울시,성동구,응봉동,1120058000,81.0,19.0,10.0,31.0,1.0,0.0,4.0,53.0
220,조랭몬 YouTube,76400,300000,1222400,1847,서울시,서대문구,신촌동,1141058500,2.0,98.0,44.0,1.0,0.0,53.0,0.0,1.0
221,스낵넛 SNACKNUT,73600,300000,1177600,29107,서울시,서대문구,신촌동,1141058500,39.0,61.0,1.0,8.0,35.0,1.0,13.0,41.0
222,닝겐자이라,71900,300000,1150400,0,서울시,광진구,군자동,1121573000,49.0,51.0,9.0,5.0,8.0,72.0,0.0,4.0
223,펭귄몬스터,69100,300000,1105600,58003,서울시,광진구,자양1동,1121582000,34.0,66.0,2.0,1.0,55.0,16.0,4.0,2.0
224,금똥왁왁,66700,300000,1067200,50669,서울시,강동구,천호3동,1174062000,80.0,20.0,0.0,0.0,16.0,11.0,25.0,46.0
225,툭툭,65100,300000,1041600,1158,서울시,강남구,논현1동,1168052100,10.0,90.0,4.0,1.0,12.0,1.0,4.0,72.0
226,저출메이플스토리,63300,300000,1012800,12687,서울시,서대문구,홍제3동,1141064000,35.0,65.0,35.0,0.0,7.0,35.0,0.0,22.0
227,StimboyGames겜팀보이,61500,300000,984000,187,서울시,성동구,사근동,1120055000,61.0,39.0,0.0,87.0,7.0,5.0,0.0,0.0
228,Yoorop,59500,300000,952000,100921,서울시,관악구,삼성동,1162074500,68.0,32.0,71.0,0.0,9.0,19.0,0.0,0.0
229,DRGN LAKE STUDIO,144000,600000,3456000,7026,서울시,중구,신당5동,1114065000,12.0,88.0,4.0,6.0,2.0,9.0,72.0,6.0
230,오빠두엑셀 l 엑셀 강의 대표채널,109000,600000,2616000,5322,서울시,노원구,월계3동,1135058000,32.0,68.0,1.0,56.0,12.0,6.0,0.0,24.0
231,CNET KOREA,90000,600000,2160000,6325,서울시,송파구,석촌동,1171060000,45.0,55.0,11.0,18.0,43.0,0.0,15.0,11.0
232,Route 9 루트나인,72800,600000,1747200,15170,서울시,강북구,우이동,1130564500,32.0,68.0,26.0,40.0,27.0,4.0,0.0,2.0
233,롤스토리디자인연구소,50700,600000,1216800,8902,서울시,강동구,천호3동,1174062000,39.0,61.0,3.0,2.0,2.0,10.0,61.0,20.0
234,김왼손의 왼손코딩,42200,600000,1012800,4977,서울시,강북구,삼각산동,1130557500,30.0,70.0,92.0,1.0,1.0,2.0,0.0,3.0
235,ITSystem,36000,600000,864000,4837,서울시,은평구,역촌동,1138062500,55.0,45.0,0.0,0.0,1.0,73.0,2.0,20.0
236,영태형,30600,600000,734400,4639,서울시,양천구,신정3동,1147064000,8.0,92.0,34.0,43.0,1.0,6.0,2.0,13.0
237,햇살 Haessal,26700,600000,640800,2486,서울시,성동구,송정동,1120072000,58.0,42.0,1.0,0.0,0.0,2.0,0.0,96.0
238,의학채널 근알의,25200,600000,604800,16721,서울시,강남구,일원본동,1168072000,26.0,74.0,0.0,4.0,1.0,20.0,0.0,74.0
239,데르센,22800,600000,547200,3993,서울시,동작구,상도3동,1159055000,36.0,64.0,16.0,0.0,2.0,55.0,10.0,14.0
240,hogual,20100,600000,482400,860,서울시,송파구,오금동,1171057000,46.0,54.0,41.0,17.0,18.0,0.0,9.0,11.0
241,AnalogMe아날로그미,17700,600000,424800,6862,서울시,강동구,둔촌1동,1174069000,99.0,1.0,5.0,5.0,41.0,22.0,26.0,0.0
242,풍수TV,15900,600000,381600,2764,서울시,마포구,성산2동,1144073000,82.0,18.0,4.0,95.0,0.0,0.0,0.0,0.0
243,GS칼텍스 I am your Energy,14100,600000,338400,1245,서울시,강남구,압구정동,1168054500,59.0,41.0,41.0,37.0,1.0,0.0,15.0,5.0
244,ElectoTube,13000,600000,312000,6393,서울시,강동구,상일동,1174052000,71.0,29.0,48.0,18.0,28.0,2.0,0.0,3.0
245,나디연세외과Nadiclinic,10700,600000,256800,12374,서울시,종로구,삼청동,1111054000,50.0,50.0,0.0,0.0,0.0,82.0,0.0,17.0
246,Amazon Web Services Korea,9840,600000,236160,2068,서울시,도봉구,창4동,1132051400,77.0,23.0,9.0,25.0,30.0,3.0,31.0,0.0
247,헬스데이뉴스,8750,600000,210000,3123,서울시,노원구,월계1동,1135056000,79.0,21.0,0.0,0.0,71.0,17.0,0.0,11.0
248,Doosan,8140,600000,195360,235,서울시,용산구,한강로동,1117062500,13.0,87.0,4.0,54.0,41.0,0.0,0.0,0.0
249,김형백의 IT 월드,7520,600000,180480,116,서울시,강서구,방화3동,1150064100,66.0,34.0,15.0,0.0,8.0,3.0,6.0,67.0
250,Microsoft Korea,7010,600000,168240,373,서울시,관악구,신림동,1162069500,36.0,64.0,5.0,65.0,17.0,0.0,9.0,2.0
251,조영문,6520,600000,156480,138,서울시,서초구,잠원동,1165054000,47.0,53.0,6.0,13.0,2.0,73.0,2.0,2.0
252,쫄지말고 투자하라,5900,600000,141600,197,서울시,종로구,창신3동,1111069000,27.0,73.0,4.0,43.0,10.0,4.0,1.0,31.0
253,Chanwoo Timothy Lee,5480,600000,131520,132,서울시,관악구,미성동,1162076500,42.0,58.0,20.0,43.0,23.0,0.0,5.0,7.0
254,펀팩,4770,600000,114480,852,서울시,강동구,둔촌1동,1174069000,83.0,17.0,0.0,0.0,28.0,3.0,68.0,0.0
255,토리의 테크일상,4500,600000,108000,471,서울시,구로구,구로3동,1153054000,67.0,33.0,0.0,0.0,0.0,0.0,99.0,0.0
256,HealthBreeze헬스브리즈,4300,600000,103200,2306,서울시,강동구,천호3동,1174062000,96.0,4.0,6.0,2.0,2.0,1.0,83.0,1.0
257,알려줌 지식 알지 ALZi,3920,600000,94080,111,서울시,강남구,수서동,1168075000,72.0,28.0,20.0,54.0,3.0,18.0,2.0,2.0
258,with브라더,3500,600000,84000,1966,서울시,은평구,진관동,1138069000,59.0,41.0,0.0,0.0,0.0,88.0,10.0,1.0
259,Unicity Korea,3240,600000,77760,640,서울시,성동구,성수1가1동,1120065000,61.0,39.0,0.0,11.0,84.0,0.0,4.0,0.0
260,TV잡초,2940,600000,70560,0,서울시,강동구,암사2동,1174058000,15.0,85.0,47.0,0.0,12.0,20.0,20.0,0.0
261,빅튜브 - 참 쉬운 TECH 리뷰,2860,600000,68640,2123,서울시,종로구,창신1동,1111067000,54.0,46.0,62.0,0.0,29.0,3.0,2.0,2.0
262,itechcom,2660,600000,63840,967,서울시,강동구,천호1동,1174060000,41.0,59.0,0.0,2.0,30.0,16.0,44.0,4.0
263,시뮬리즘,2550,600000,61200,572,서울시,중랑구,중화1동,1126060000,23.0,77.0,36.0,43.0,0.0,1.0,0.0,19.0
264,KTshop,2400,600000,57600,806,서울시,동대문구,청량리동,1123070500,95.0,5.0,11.0,76.0,1.0,4.0,0.0,7.0
265,보면 볼수록 똑똑해지는 스튜디오 보똑스,2250,600000,54000,1081,서울시,동작구,신대방2동,1159068000,52.0,48.0,0.0,71.0,0.0,1.0,5.0,22.0
266,Grigom,2140,600000,51360,81,서울시,서대문구,충현동,1141056500,82.0,18.0,0.0,0.0,3.0,1.0,95.0,0.0
267,SH신흥공업사,1980,600000,47520,2494,서울시,성북구,정릉4동,1129062000,73.0,27.0,0.0,8.0,10.0,1.0,75.0,5.0
268,alldepot,1860,600000,44640,87,서울시,도봉구,창2동,1132051200,76.0,24.0,0.0,2.0,5.0,4.0,58.0,30.0
269,O Elton,1790,600000,42960,21,서울시,영등포구,양평1동,1156061000,32.0,68.0,4.0,0.0,43.0,13.0,5.0,33.0
270,청년의사,1620,600000,38880,39,서울시,영등포구,신길3동,1156065000,68.0,32.0,0.0,2.0,13.0,20.0,43.0,21.0
271,대니얼의 테크실험실,1540,600000,36960,740,서울시,용산구,이촌2동,1117064000,66.0,34.0,0.0,0.0,96.0,1.0,0.0,2.0
272,OneQ,1480,600000,35520,40,서울시,서대문구,천연동,1141052000,55.0,45.0,3.0,2.0,3.0,45.0,42.0,4.0
273,cgaega1,1370,600000,32880,1721,서울시,중랑구,면목3.8동,1126057500,68.0,32.0,6.0,34.0,15.0,2.0,40.0,2.0
274,송우섭,1230,600000,29520,81,서울시,구로구,오류2동,1153078000,24.0,76.0,0.0,0.0,13.0,11.0,75.0,0.0
275,GOT7,4320000,200000,69120000,218019,서울시,은평구,대조동,1138057000,13.0,87.0,4.0,26.0,1.0,2.0,38.0,28.0
276,TV-People,2330000,200000,37280000,1157348,서울시,중구,청구동,1114064500,27.0,73.0,29.0,5.0,7.0,1.0,57.0,0.0
277,ITZY,1770000,200000,28320000,203472,서울시,동작구,사당3동,1159064000,62.0,38.0,5.0,3.0,90.0,1.0,0.0,0.0
278,버블디아,1330000,200000,21280000,183667,서울시,서대문구,홍은2동,1141066000,65.0,35.0,0.0,0.0,1.0,2.0,1.0,95.0
279,NU'EST,1140000,200000,18240000,276819,서울시,성동구,성수1가2동,1120066000,16.0,84.0,55.0,3.0,16.0,20.0,5.0,0.0
280,SHINee,1000000,200000,16000000,684,서울시,서초구,방배4동,1165062100,98.0,2.0,0.0,10.0,0.0,54.0,32.0,3.0
281,2pm,860000,200000,13760000,44979,서울시,서초구,방배1동,1165060000,55.0,45.0,7.0,86.0,5.0,0.0,1.0,0.0
282,Jenny Yun,800000,200000,12800000,44898,서울시,강북구,송천동,1130555500,37.0,63.0,1.0,20.0,0.0,25.0,7.0,46.0
283,Rock Music,705000,200000,11280000,270666,서울시,금천구,시흥5동,1154571000,6.0,94.0,24.0,14.0,2.0,2.0,13.0,39.0
284,GIRL'S DAY,622000,200000,9952000,68780,서울시,금천구,가산동,1154551000,39.0,61.0,2.0,5.0,4.0,9.0,66.0,0.0
285,z a m,576000,200000,9216000,245807,서울시,서초구,방배본동,1165059000,21.0,79.0,5.0,7.0,24.0,61.0,0.0,0.0
286,MOVE Dance Studio 무브댄스학원,519000,200000,8304000,160218,서울시,도봉구,쌍문3동,1132068000,56.0,44.0,0.0,2.0,63.0,4.0,23.0,5.0
287,Bigman beatbox,481000,200000,7696000,24719,서울시,성동구,용답동,1120079000,43.0,57.0,17.0,0.0,7.0,7.0,4.0,54.0
288,FNCEnt,448000,200000,7168000,262939,서울시,도봉구,쌍문2동,1132067000,65.0,35.0,10.0,0.0,6.0,78.0,0.0,1.0
289,하비 Havy,400000,200000,6400000,152422,서울시,양천구,신월5동,1147060000,33.0,67.0,19.0,0.0,6.0,67.0,4.0,2.0
290,ECLIPSE,365000,200000,5840000,55365,서울시,성북구,정릉4동,1129063000,45.0,55.0,2.0,14.0,1.0,81.0,0.0,1.0
291,THE J DANCE,328000,200000,5248000,62685,서울시,금천구,시흥5동,1154570000,16.0,84.0,23.0,40.0,28.0,0.0,8.0,0.0
292,PianoplayerElijah,308000,200000,4928000,17882,서울시,관악구,대학동,1162073500,81.0,19.0,4.0,16.0,0.0,0.0,0.0,79.0
293,GROOVYROOM,277000,200000,4432000,13078,서울시,종로구,종로1.2.3.4가동,1111061500,67.0,33.0,4.0,0.0,5.0,90.0,0.0,0.0
294,Beecompany비컴퍼니,267000,200000,4272000,327367,서울시,관악구,행운동,1162057500,28.0,72.0,18.0,0.0,21.0,60.0,0.0,0.0
295,권인하KWON INHA,242000,200000,3872000,21656,서울시,동작구,상도1동,1159053000,7.0,93.0,0.0,3.0,13.0,9.0,74.0,0.0
296,QBIC,224000,200000,3584000,15209,서울시,종로구,창신2동,1111068000,98.0,2.0,16.0,1.0,0.0,1.0,81.0,0.0
297,[#vbexit] VoiceBand EXIT,210000,200000,3360000,79497,서울시,마포구,연남동,1144071000,54.0,46.0,33.0,13.0,32.0,4.0,14.0,3.0
298,Skpb K-Music Live [Banned],196000,200000,3136000,9298,서울시,서초구,반포본동,1165055000,23.0,77.0,6.0,59.0,1.0,5.0,18.0,0.0
299,LADIES CODE,188000,200000,3008000,7191,서울시,광진구,화양동,1121571000,31.0,69.0,20.0,30.0,11.0,9.0,2.0,21.0
300,노래하는 민이,172000,200000,2752000,5471,서울시,광진구,구의3동,1121586000,35.0,65.0,37.0,1.0,0.0,3.0,18.0,39.0
301,문스윙스의갤러리,166000,200000,2656000,10377,서울시,영등포구,대림3동,1156072000,15.0,85.0,0.0,0.0,41.0,52.0,0.0,6.0
302,뽀현욱TV,161000,200000,2576000,12042,서울시,성북구,안암동,1129060000,65.0,35.0,0.0,0.0,99.0,0.0,0.0,0.0
303,쩐MIGYO,154000,200000,2464000,5685,서울시,강남구,삼성2동,1168059000,62.0,38.0,1.0,0.0,0.0,98.0,0.0,0.0
304,I DARE U JK,145000,200000,2320000,78082,서울시,관악구,서림동,1162066500,65.0,35.0,0.0,12.0,49.0,2.0,9.0,27.0
305,정유빈,141000,200000,2256000,5159,서울시,영등포구,여의동,1156054000,72.0,28.0,0.0,0.0,1.0,71.0,0.0,27.0
306,김미정yourbeagle,135000,200000,2160000,5071,서울시,관악구,중앙동,1162061500,49.0,51.0,2.0,53.0,23.0,7.0,14.0,0.0
307,BB배짱이 BB_BAE,128000,200000,2048000,17693,서울시,성동구,성수1가1동,1120065000,70.0,30.0,17.0,42.0,0.0,1.0,4.0,35.0
308,southkoreanfolksongs,124000,200000,1984000,163524,서울시,강서구,화곡본동,1150059000,44.0,56.0,10.0,11.0,1.0,0.0,75.0,0.0
309,공원소녀 GWSN OFFICIAL,121000,200000,1936000,9419,서울시,강서구,방화1동,1150063000,68.0,32.0,10.0,54.0,3.0,4.0,0.0,28.0
310,Chris Koo,118000,200000,1888000,769,서울시,동대문구,장안2동,1123066000,94.0,6.0,17.0,69.0,7.0,1.0,0.0,4.0
311,이라희라이브TV,113000,200000,1808000,138156,서울시,구로구,신도림동,1153051000,83.0,17.0,5.0,12.0,9.0,14.0,41.0,2.0
312,OFFICIAL LABOUM,107000,200000,1712000,7779,서울시,중구,소공동,1114052000,19.0,81.0,1.0,29.0,1.0,58.0,2.0,8.0
313,HEY GIRLS,103000,200000,1648000,561,서울시,송파구,오금동,1171057000,61.0,39.0,31.0,11.0,0.0,0.0,55.0,2.0
314,출구없태연,98400,200000,1574400,21840,서울시,광진구,구의1동,1121585000,94.0,6.0,21.0,35.0,1.0,0.0,41.0,0.0
315,sake L,96400,200000,1542400,23795,서울시,강서구,등촌3동,1150053500,48.0,52.0,0.0,7.0,72.0,5.0,15.0,0.0
316,adore,94000,200000,1504000,80855,서울시,노원구,중계1동,1135062100,27.0,73.0,3.0,0.0,5.0,3.0,14.0,74.0
317,정했다일기석,91000,200000,1456000,28293,서울시,용산구,한남동,1117068500,15.0,85.0,0.0,1.0,0.0,52.0,0.0,46.0
318,Pianist JayM,89200,200000,1427200,6813,서울시,강서구,화곡본동,1150059000,77.0,23.0,6.0,55.0,0.0,0.0,27.0,11.0
319,CLAB REACT,86200,200000,1379200,-269027,서울시,관악구,삼성동,1162074500,24.0,76.0,11.0,0.0,0.0,52.0,35.0,1.0
320,캐릭터 만드는 남자의 비밀노트,84200,200000,1347200,884,서울시,영등포구,당산1동,1156055000,80.0,20.0,0.0,31.0,6.0,0.0,0.0,62.0
321,투포케이24K,82400,200000,1318400,1238,서울시,광진구,자양2동,1121583000,70.0,30.0,4.0,0.0,1.0,0.0,89.0,5.0
322,Hopeyes호프아이스,80000,200000,1280000,2378,서울시,강북구,수유1동,1130561000,36.0,64.0,0.0,25.0,1.0,48.0,25.0,0.0
323,송사비,77300,200000,1236800,28283,서울시,마포구,도화동,1144058500,4.0,96.0,58.0,0.0,0.0,0.0,40.0,1.0
324,Planetarium Records,76000,200000,1216000,12892,서울시,광진구,중곡3동,1121576000,92.0,8.0,0.0,19.0,0.0,0.0,58.0,18.0
325,HAK ENTER,74000,200000,1184000,41972,서울시,양천구,신월1동,1147056000,1.0,99.0,10.0,1.0,15.0,4.0,2.0,67.0
326,힙합가이,72300,200000,1156800,11192,서울시,양천구,신월3동,1147058000,6.0,94.0,1.0,55.0,1.0,5.0,2.0,35.0
327,서리 [Seori Official],70300,200000,1124800,5653,서울시,영등포구,신길6동,1156068000,70.0,30.0,12.0,0.0,26.0,3.0,0.0,53.0
328,GRASS흥얼거려쓰,69200,200000,1107200,15286,서울시,종로구,무악동,1111057000,67.0,33.0,0.0,0.0,6.0,4.0,89.0,0.0
329,Muggo,342000,100000,5472000,158392,서울시,강북구,송천동,1130555500,51.0,49.0,0.0,94.0,2.0,0.0,3.0,0.0
330,우미스베이킹Umi's baking,291000,100000,4656000,72483,서울시,도봉구,창4동,1132051400,7.0,93.0,1.0,1.0,0.0,81.0,0.0,10.0
331,yoloria욜로리아,189000,100000,3024000,35375,서울시,송파구,문정1동,1171064100,50.0,50.0,9.0,6.0,64.0,3.0,4.0,3.0
332,y. na__ homecafe,141000,100000,2256000,11289,서울시,서초구,양재2동,1165065200,73.0,27.0,0.0,1.0,3.0,1.0,72.0,22.0
333,민경장군,111000,100000,1776000,6246,서울시,금천구,시흥5동,1154567000,24.0,76.0,69.0,3.0,5.0,0.0,8.0,14.0
334,조꽁드Joconde's baking,87600,100000,1401600,15970,서울시,은평구,진관동,1138069000,11.0,89.0,3.0,4.0,5.0,8.0,0.0,79.0
335,상남자1,76800,100000,1228800,63767,서울시,서대문구,북가좌2동,1141072000,91.0,9.0,0.0,1.0,2.0,23.0,62.0,6.0
336,브리첼 brechel,67700,100000,1083200,7862,서울시,금천구,시흥5동,1154571000,96.0,4.0,26.0,0.0,2.0,0.0,70.0,1.0
337,SANG WOO KIM,55300,100000,884800,4277,서울시,성북구,보문동,1129061000,69.0,31.0,4.0,0.0,5.0,16.0,74.0,0.0
338,차가운공구리,46200,100000,739200,137325,서울시,강북구,번3동,1130560600,97.0,3.0,2.0,18.0,0.0,0.0,30.0,48.0
339,달동산마카롱,41400,100000,662400,292,서울시,마포구,연남동,1144071000,29.0,71.0,29.0,47.0,0.0,6.0,7.0,7.0
340,달밤DALBAM,34700,100000,555200,669,서울시,관악구,은천동,1162060500,38.0,62.0,0.0,0.0,0.0,99.0,0.0,0.0
341,노루키친 Noru Kitchen,29900,100000,478400,391,서울시,광진구,자양4동,1121584700,79.0,21.0,2.0,0.0,64.0,33.0,0.0,0.0
342,파파식당,25100,100000,401600,1398,서울시,관악구,남현동,1162063000,48.0,52.0,18.0,38.0,20.0,4.0,0.0,2.0
343,맘 요리 Mom Cook,22000,100000,352000,368,서울시,용산구,보광동,1117070000,95.0,5.0,0.0,0.0,96.0,2.0,0.0,1.0
344,채홍인,18100,100000,289600,636,서울시,서대문구,신촌동,1141058500,27.0,73.0,9.0,81.0,1.0,0.0,1.0,7.0
345,DeSLun맨몸운동 데스런,267000,300000,4272000,22995,서울시,강동구,고덕2동,1174056000,15.0,85.0,4.0,0.0,37.0,3.0,2.0,53.0
346,startjsy,223000,300000,3568000,155235,서울시,은평구,신사2동,1138063200,87.0,13.0,1.0,35.0,15.0,33.0,1.0,13.0
347,이스타TV,196000,300000,3136000,235636,서울시,은평구,역촌동,1138062500,11.0,89.0,0.0,0.0,3.0,0.0,0.0,96.0
348,RYUNIVIA,145000,300000,2320000,1524,서울시,서초구,내곡동,1165066000,7.0,93.0,5.0,8.0,12.0,14.0,57.0,3.0
349,뽈인러브,122000,300000,1952000,64734,서울시,관악구,삼성동,1162074500,46.0,54.0,0.0,18.0,0.0,80.0,1.0,0.0
350,kimbbomami 김뽀마미,112000,300000,1792000,11625,서울시,강서구,발산1동,1150061100,54.0,46.0,22.0,17.0,39.0,15.0,1.0,2.0
351,팔씨름달인 홍지승,103000,300000,1648000,65925,서울시,강서구,화곡8동,1150059300,71.0,29.0,0.0,95.0,0.0,0.0,0.0,4.0
352,갊의 메루치 양식장_체중증량TV,94900,300000,1518400,8083,서울시,은평구,녹번동,1138051000,95.0,5.0,35.0,5.0,0.0,2.0,2.0,55.0
353,온도니의 먹고&운동하고,87600,300000,1401600,11899,서울시,강서구,화곡4동,1150057000,18.0,82.0,1.0,0.0,29.0,66.0,2.0,0.0
354,당구강좌 4구 & 3쿠션,80200,300000,1283200,45397,서울시,성북구,길음1동,1129066000,46.0,54.0,0.0,0.0,60.0,25.0,0.0,14.0
355,SHC,78200,300000,1251200,17606,서울시,송파구,위례동,1171064200,43.0,57.0,3.0,0.0,25.0,49.0,3.0,19.0
356,럽볼LoveBall,72100,300000,1153600,52042,서울시,도봉구,창5동,1132051500,61.0,39.0,25.0,0.0,68.0,3.0,0.0,3.0
357,박명환야구TV,64700,300000,1035200,42529,서울시,은평구,갈현1동,1138055100,71.0,29.0,49.0,2.0,27.0,4.0,14.0,0.0
358,이준호,60700,300000,971200,1914,서울시,은평구,수색동,1138065000,55.0,45.0,10.0,4.0,68.0,0.0,16.0,0.0
359,도수치료 모션힐 바디워크,56100,300000,897600,259,서울시,성동구,성수2가1동,1120067000,23.0,77.0,0.0,42.0,1.0,0.0,4.0,51.0
360,복싱뻔치,52500,300000,840000,17067,서울시,영등포구,대림2동,1156071000,30.0,70.0,10.0,14.0,6.0,58.0,8.0,3.0
361,유챌유라,51000,300000,816000,2488,서울시,성북구,장위3동,1129078000,12.0,88.0,31.0,24.0,6.0,25.0,9.0,0.0
362,KoreanTarzan한국타잔,47300,300000,756800,4486,서울시,용산구,효창동,1117058000,35.0,65.0,7.0,0.0,0.0,24.0,0.0,68.0
363,jay JOAH,44800,300000,716800,68082,서울시,성동구,송정동,1120072000,68.0,32.0,8.0,32.0,45.0,0.0,5.0,9.0
364,GOAL TV,41600,300000,665600,14011,서울시,광진구,화양동,1121571000,66.0,34.0,13.0,3.0,0.0,26.0,43.0,11.0
365,Fromdew,38200,300000,611200,19960,서울시,송파구,송파1동,1171058000,10.0,90.0,0.0,1.0,0.0,9.0,86.0,3.0
366,와이드스포츠,36700,300000,587200,48387,서울시,관악구,은천동,1162060500,70.0,30.0,12.0,4.0,1.0,50.0,32.0,0.0
367,아라누나TV,35600,300000,569600,25827,서울시,성북구,보문동,1129061000,18.0,82.0,47.0,1.0,1.0,0.0,5.0,45.0
368,Home Class.민필라,33500,300000,536000,7635,서울시,성북구,안암동,1129060000,84.0,16.0,0.0,2.0,36.0,0.0,61.0,0.0
369,당구득점샷BilliardsScoringShot,31900,300000,510400,19383,서울시,성북구,안암동,1129060000,33.0,67.0,0.0,2.0,0.0,11.0,85.0,1.0
370,O’WON오원,31000,300000,496000,33274,서울시,성북구,월곡2동,1129072500,89.0,11.0,0.0,91.0,7.0,0.0,0.0,1.0
371,P4P Korean,29500,300000,472000,316,서울시,금천구,시흥5동,1154569000,3.0,97.0,5.0,42.0,8.0,1.0,2.0,40.0
372,와이제이요요YJYOYO,27900,300000,446400,4179,서울시,양천구,신월3동,1147058000,78.0,22.0,36.0,16.0,6.0,33.0,3.0,0.0
373,하늘건강법,27000,300000,432000,3766,서울시,서초구,방배4동,1165062100,61.0,39.0,77.0,3.0,9.0,8.0,0.0,2.0
374,근섬근왕,25900,300000,414400,76878,서울시,강남구,도곡2동,1168065600,52.0,48.0,7.0,30.0,36.0,20.0,4.0,1.0
375,MEDIHEAL PILATES메디힐필라테스,24700,300000,395200,3477,서울시,구로구,구로3동,1153054000,39.0,61.0,4.0,37.0,1.0,53.0,0.0,4.0
376,SILVIS,23400,300000,374400,7719,서울시,은평구,갈현1동,1138055100,68.0,32.0,3.0,10.0,1.0,79.0,6.0,0.0
377,Cat Puppy,22900,300000,366400,6426,서울시,마포구,서교동,1144066000,88.0,12.0,3.0,0.0,90.0,0.0,6.0,0.0
378,핫브레드 Football TV,21700,300000,347200,2313,서울시,도봉구,창5동,1132051500,50.0,50.0,3.0,43.0,38.0,11.0,0.0,3.0
379,비법전수[당구 볼링 탁구 수영 테니스],20800,300000,332800,4615,서울시,종로구,숭인1동,1111070000,57.0,43.0,38.0,14.0,9.0,27.0,4.0,2.0
380,소캐TV,20400,300000,326400,227,서울시,종로구,혜화동,1111065000,1.0,99.0,0.0,31.0,9.0,56.0,0.0,3.0
381,박대성프로,19600,300000,313600,3875,서울시,중구,황학동,1114067000,34.0,66.0,0.0,62.0,30.0,3.0,2.0,0.0
382,Trendy Boxing TV,18400,300000,294400,804,서울시,마포구,대흥동,1144060000,11.0,89.0,3.0,15.0,0.0,7.0,6.0,66.0
383,Football Video Interester,17600,300000,281600,102,서울시,동대문구,회기동,1123071000,8.0,92.0,3.0,90.0,1.0,3.0,1.0,1.0
384,Knowledge & Bowling,16900,300000,270400,6742,서울시,강남구,논현1동,1168052100,54.0,46.0,0.0,18.0,0.0,81.0,0.0,0.0
385,골프클럽H,16500,300000,264000,7422,서울시,송파구,오금동,1171057000,20.0,80.0,12.0,2.0,52.0,15.0,17.0,1.0
386,NGU,16000,300000,256000,324,서울시,구로구,개봉3동,1153076000,31.0,69.0,2.0,15.0,11.0,12.0,0.0,59.0
387,축구용품의모든것,15500,300000,248000,4905,서울시,강동구,천호2동,1174061000,48.0,52.0,12.0,62.0,0.0,0.0,25.0,0.0
388,깨백올파(Positive Impact Golf)즐거운골프,14900,300000,238400,25008,서울시,영등포구,당산2동,1156056000,6.0,94.0,1.0,13.0,60.0,14.0,0.0,11.0
389,주아유,14700,300000,235200,637,서울시,송파구,가락1동,1171063100,28.0,72.0,51.0,3.0,4.0,23.0,9.0,8.0
390,광순언니TV,14000,300000,224000,1676,서울시,강남구,대치4동,1168063000,2.0,98.0,8.0,0.0,78.0,9.0,0.0,3.0
391,그레이시 주짓수 서울 - 한국 본사,13300,300000,212800,2784,서울시,은평구,불광1동,1138052000,65.0,35.0,0.0,86.0,0.0,9.0,0.0,4.0
392,송단프로 골프채널,12800,300000,204800,6845,서울시,종로구,숭인1동,1111070000,26.0,74.0,87.0,0.0,2.0,8.0,2.0,0.0
393,Chang Su KIM,12100,300000,193600,634,서울시,영등포구,대림2동,1156071000,33.0,67.0,0.0,2.0,13.0,3.0,78.0,3.0
394,초보당구레슨,11500,300000,184000,1879,서울시,중구,다산동,1114062500,78.0,22.0,28.0,27.0,7.0,0.0,36.0,1.0
395,DA7 축구드리블아카데미,10900,300000,174400,906,서울시,구로구,오류1동,1153077000,26.0,74.0,1.0,72.0,0.0,4.0,11.0,4.0
396,JewelskatersCross,10300,300000,164800,4691,서울시,성동구,행당1동,1120056000,32.0,68.0,0.0,0.0,27.0,0.0,4.0,68.0
397,원코치,10000,300000,160000,1258,서울시,마포구,상암동,1144074000,80.0,20.0,0.0,17.0,65.0,2.0,14.0,0.0
398,빅보이,9540,300000,152640,11959,서울시,동작구,흑석동,1159060500,46.0,54.0,19.0,0.0,42.0,28.0,0.0,8.0
399,홍시네마,455000,300000,7280000,215782,서울시,은평구,대조동,1138057000,67.0,33.0,25.0,1.0,12.0,0.0,0.0,60.0
400,NATAE 나태,308000,300000,4928000,128274,서울시,서대문구,연희동,1141061500,32.0,68.0,4.0,10.0,10.0,52.0,3.0,16.0
401,sanggung상궁,228000,300000,3648000,132528,서울시,노원구,월계1동,1135056000,95.0,5.0,0.0,19.0,1.0,0.0,77.0,2.0
402,무비콘 애니,201000,300000,3216000,54243,서울시,마포구,도화동,1144058500,48.0,52.0,6.0,1.0,0.0,67.0,10.0,12.0
403,애니원,167000,300000,2672000,106066,서울시,영등포구,대림3동,1156072000,85.0,15.0,15.0,10.0,5.0,1.0,0.0,66.0
404,미들뻔,138000,300000,2208000,21883,서울시,양천구,신정4동,1147065000,63.0,37.0,0.0,0.0,91.0,4.0,4.0,0.0
405,영민하다,117000,300000,1872000,31975,서울시,양천구,목5동,1147055000,45.0,55.0,1.0,1.0,49.0,1.0,46.0,0.0
406,달콤살벌 영화이야기,106000,300000,1696000,119976,서울시,관악구,미성동,1162076500,85.0,15.0,9.0,13.0,2.0,2.0,70.0,0.0
407,얄리의아재비디오,89500,300000,1432000,15071,서울시,용산구,용산2가동,1117052000,34.0,66.0,1.0,1.0,0.0,36.0,51.0,10.0
408,Day7 Games,80200,300000,1283200,1092,서울시,광진구,자양4동,1121584700,98.0,2.0,66.0,0.0,20.0,10.0,0.0,3.0
409,빗소리,70900,300000,1134400,11051,서울시,강동구,길동,1174068500,21.0,79.0,6.0,75.0,0.0,17.0,0.0,0.0
410,팔라푸딩,64600,300000,1033600,8120,서울시,중구,중림동,1114068000,54.0,46.0,1.0,36.0,56.0,1.0,3.0,0.0
411,한결 hangyul,58200,300000,931200,321,서울시,종로구,숭인2동,1111071000,29.0,71.0,0.0,12.0,53.0,5.0,0.0,29.0
412,태권사랑,53700,300000,859200,18398,서울시,노원구,하계1동,1135061100,53.0,47.0,9.0,64.0,0.0,8.0,8.0,9.0
413,YeonAnims kim,49100,300000,785600,20430,서울시,구로구,오류1동,1153077000,55.0,45.0,32.0,5.0,15.0,3.0,43.0,1.0
414,영화장수 루피형아 LuffyHyungA the Movie Vendor,46200,300000,739200,22899,서울시,양천구,신월4동,1147059000,38.0,62.0,2.0,63.0,8.0,5.0,6.0,7.0
415,펜로즈,43500,300000,696000,1456,서울시,마포구,도화동,1144058500,58.0,42.0,26.0,5.0,4.0,15.0,40.0,3.0
416,Korea Animation High School,40000,300000,640000,4365,서울시,성북구,삼선동,1129055500,57.0,43.0,0.0,0.0,39.0,45.0,2.0,13.0
417,뉴들,36400,300000,582400,275,서울시,서대문구,북아현동,1141055500,96.0,4.0,1.0,74.0,0.0,0.0,4.0,20.0
418,마리와곰,34700,300000,555200,3621,서울시,광진구,능동,1121578000,91.0,9.0,2.0,0.0,0.0,0.0,96.0,1.0
419,라크무비,32500,300000,520000,3959,서울시,동대문구,회기동,1123071000,97.0,3.0,7.0,16.0,0.0,18.0,58.0,0.0
420,신총이,31100,300000,497600,66,서울시,강북구,우이동,1130564500,93.0,7.0,1.0,43.0,0.0,20.0,33.0,2.0
421,DNA Project,28600,300000,457600,5394,서울시,용산구,이태원2동,1117066000,19.0,81.0,6.0,1.0,8.0,48.0,34.0,1.0
422,롯데엔터테인먼트,26800,300000,428800,24830,서울시,관악구,난곡동,1162077500,91.0,9.0,16.0,32.0,16.0,7.0,0.0,27.0
423,coanstudio,25000,300000,400000,1898,서울시,광진구,중곡3동,1121576000,77.0,23.0,10.0,16.0,66.0,0.0,7.0,0.0
424,킁킁이킁카킁카,23700,300000,379200,16136,서울시,노원구,상계3.4동,1135066500,16.0,84.0,0.0,3.0,8.0,3.0,20.0,65.0
425,애니메이션 한국 마루코는 아홉살,22100,300000,353600,34156,서울시,도봉구,쌍문2동,1132067000,2.0,98.0,2.0,50.0,2.0,13.0,22.0,6.0
426,sheela sensharma,20600,300000,329600,407,서울시,노원구,상계3.4동,1135066500,11.0,89.0,0.0,17.0,0.0,74.0,1.0,7.0
427,Perssie,19100,300000,305600,1917,서울시,구로구,구로5동,1153056000,15.0,85.0,19.0,0.0,12.0,0.0,16.0,50.0
428,Thurman Riesner,17900,300000,286400,14885,서울시,강북구,미아동,1130553500,89.0,11.0,55.0,4.0,6.0,0.0,9.0,20.0
429,Q story,16600,300000,265600,5403,서울시,강북구,수유1동,1130561000,73.0,27.0,2.0,2.0,0.0,0.0,15.0,79.0
430,유마,15800,300000,252800,3469,서울시,성북구,정릉4동,1129063000,97.0,3.0,5.0,0.0,59.0,1.0,8.0,26.0
431,애니more,15300,300000,244800,33745,서울시,송파구,잠실4동,1171069000,10.0,90.0,99.0,0.0,0.0,0.0,0.0,0.0
432,모리란,14400,300000,230400,1550,서울시,금천구,시흥5동,1154570000,59.0,41.0,1.0,0.0,0.0,76.0,21.0,1.0
433,강꾹꾹,13900,300000,222400,2671,서울시,관악구,낙성대동,1162058500,35.0,65.0,0.0,15.0,4.0,11.0,8.0,41.0
434,서브코드,13400,300000,214400,671,서울시,도봉구,방학3동,1132069000,29.0,71.0,21.0,34.0,13.0,13.0,10.0,6.0
435,주어니,13000,300000,208000,1822,서울시,영등포구,신길3동,1156065000,60.0,40.0,0.0,96.0,0.0,3.0,0.0,0.0
436,Shin SS13 Reborn,12600,300000,201600,4642,서울시,영등포구,신길1동,1156063000,25.0,75.0,0.0,31.0,13.0,14.0,37.0,2.0
437,마광,12100,300000,193600,14875,서울시,양천구,목2동,1147052000,21.0,79.0,41.0,1.0,1.0,2.0,35.0,18.0
438,skenergytv,11700,300000,187200,495,서울시,구로구,구로5동,1153056000,20.0,80.0,9.0,0.0,3.0,7.0,58.0,22.0
439,팀 콩듀,11200,300000,179200,614,서울시,금천구,시흥5동,1154569000,76.0,24.0,6.0,0.0,48.0,10.0,0.0,32.0
440,권사마,10800,300000,172800,18493,서울시,금천구,시흥5동,1154570000,64.0,36.0,3.0,65.0,4.0,0.0,0.0,27.0
441,없다백화지캔,10300,300000,164800,15,서울시,서대문구,천연동,1141052000,30.0,70.0,12.0,8.0,16.0,28.0,25.0,9.0
442,김진호님,10000,300000,160000,547,서울시,마포구,아현동,1144055500,45.0,55.0,3.0,39.0,7.0,8.0,0.0,42.0
443,2층의소음,9680,300000,154880,242,서울시,은평구,신사2동,1138063200,85.0,15.0,0.0,7.0,13.0,0.0,79.0,0.0
444,리뜌LIDDUE,9330,300000,149280,854,서울시,송파구,석촌동,1171060000,95.0,5.0,1.0,0.0,66.0,31.0,1.0,0.0
445,Busan International Short Film Festival,9070,300000,145120,338,서울시,광진구,광장동,1121581000,11.0,89.0,6.0,12.0,20.0,56.0,1.0,4.0
446,PICTO TV,8680,300000,138880,3128,서울시,금천구,독산1동,1154561000,97.0,3.0,64.0,0.0,23.0,0.0,12.0,0.0
447,토이스토리[toy],8250,300000,132000,3,서울시,구로구,가리봉동,1153059500,50.0,50.0,22.0,0.0,0.0,52.0,21.0,3.0
448,일개노른자,8110,300000,129760,525,서울시,송파구,위례동,1171064700,89.0,11.0,22.0,9.0,7.0,28.0,1.0,28.0
449,하림쌤Kids_Fi zone,7700,300000,123200,1447,서울시,송파구,풍납1동,1171051000,92.0,8.0,56.0,6.0,11.0,12.0,1.0,11.0
450,험비,7400,300000,118400,2348,서울시,광진구,중곡4동,1121577000,84.0,16.0,6.0,29.0,0.0,2.0,0.0,62.0
451,강시후,7240,300000,115840,571,서울시,강남구,압구정동,1168054500,82.0,18.0,8.0,25.0,60.0,1.0,2.0,2.0
452,cheerKyuLeader,6940,300000,111040,591,서울시,중랑구,신내1동,1126068000,20.0,80.0,0.0,0.0,1.0,0.0,0.0,98.0
453,노보스인더스트리 NOBOSSINDUSTRY,110000,400000,1760000,83789,서울시,동대문구,청량리동,1123070500,48.0,52.0,2.0,9.0,22.0,23.0,3.0,33.0
454,안오준TV AhnojunTV,81400,400000,1302400,16192,서울시,관악구,난곡동,1162077500,96.0,4.0,8.0,0.0,35.0,29.0,3.0,24.0
455,오토트리뷴 AutoTribune,66800,400000,1068800,43981,서울시,강남구,도곡1동,1168065500,73.0,27.0,0.0,0.0,0.0,0.0,99.0,0.0
456,압구정시골쥐,51500,400000,3000000,20167,서울시,도봉구,창5동,1132051500,52.0,48.0,6.0,5.0,2.0,26.0,58.0,0.0
457,쎄게형[이준수],42700,400000,683200,20612,서울시,강동구,천호3동,1174062000,44.0,56.0,18.0,3.0,12.0,21.0,38.0,1.0
458,The Korean Trucker코리안트럭커,38100,400000,609600,39947,서울시,서초구,방배1동,1165060000,61.0,39.0,17.0,5.0,13.0,8.0,26.0,24.0
459,vpr3i,31400,400000,502400,1974,서울시,송파구,송파2동,1171059000,17.0,83.0,28.0,9.0,21.0,37.0,2.0,2.0
460,선희장,28000,400000,448000,25167,서울시,관악구,은천동,1162060500,56.0,44.0,2.0,6.0,3.0,42.0,15.0,19.0
461,THE CARAVAN TV,24100,400000,385600,14290,서울시,중랑구,묵2동,1126063000,70.0,30.0,0.0,0.0,0.0,47.0,23.0,28.0
462,자동차 미생 Auto Engineer American Life,21600,400000,345600,11955,서울시,금천구,시흥5동,1154571000,85.0,15.0,7.0,1.0,6.0,4.0,6.0,75.0
463,모토르(MoThor),19900,400000,318400,5535,서울시,송파구,장지동,1171064600,60.0,40.0,29.0,0.0,37.0,33.0,0.0,0.0
464,꿀착기의모험,17100,400000,273600,1403,서울시,동작구,노량진2동,1159052000,7.0,93.0,0.0,0.0,4.0,3.0,46.0,45.0
465,막슈,15400,400000,246400,2784,서울시,성북구,석관동,1129081000,57.0,43.0,0.0,39.0,18.0,23.0,4.0,7.0
466,마이붕붕카,13900,400000,222400,1561,서울시,성동구,금호1가동,1120059000,73.0,27.0,7.0,14.0,28.0,12.0,1.0,36.0
467,장고프로_,12200,400000,195200,888,서울시,마포구,상암동,1144074000,23.0,77.0,9.0,7.0,47.0,7.0,29.0,0.0
468,라트 LAT,11100,400000,177600,5,서울시,구로구,오류1동,1153077000,33.0,67.0,9.0,6.0,1.0,3.0,36.0,44.0
469,비버짱,10400,400000,166400,4820,서울시,송파구,마천1동,1171054000,41.0,59.0,16.0,0.0,83.0,0.0,0.0,0.0
470,GT CAR HOLIC,9540,400000,152640,1676,서울시,구로구,오류1동,1153077000,80.0,20.0,0.0,75.0,20.0,3.0,0.0,1.0
471,Crazy Dotory,7960,400000,127360,905,서울시,강서구,화곡8동,1150059300,87.0,13.0,1.0,4.0,18.0,52.0,24.0,0.0
472,Land Rover Korea - 랜드로버 코리아,6940,400000,111040,193,서울시,강남구,역삼2동,1168065000,45.0,55.0,60.0,2.0,7.0,0.0,1.0,27.0
473,MaximumG,6090,400000,97440,237,서울시,용산구,원효로2동,1117057000,53.0,47.0,0.0,24.0,19.0,38.0,14.0,1.0
474,컨설턴트와니,5100,400000,81600,1870,서울시,동대문구,장안2동,1123066000,62.0,38.0,0.0,14.0,22.0,0.0,52.0,10.0
475,babol.kr,4650,400000,74400,520,서울시,강북구,우이동,1130564500,16.0,84.0,0.0,0.0,2.0,93.0,0.0,1.0
476,알쓰리쑊 Moto R3ShocK,4410,400000,70560,1167,서울시,금천구,독산3동,1154563000,67.0,33.0,41.0,25.0,0.0,10.0,11.0,1.0
477,디엑셀 D_EXCEL,4190,400000,67040,1576,서울시,강동구,성내1동,1174064000,29.0,71.0,7.0,0.0,7.0,0.0,83.0,0.0
478,김진영,3790,400000,60640,2588,서울시,용산구,효창동,1117058000,63.0,37.0,4.0,2.0,11.0,0.0,82.0,0.0
479,MOBIS Communicator,3280,400000,52480,297,서울시,영등포구,당산2동,1156056000,12.0,88.0,3.0,0.0,7.0,47.0,40.0,0.0
480,kamineTV,2910,400000,46560,708,서울시,중구,을지로동,1114060500,81.0,19.0,23.0,31.0,39.0,4.0,1.0,1.0
481,제이리무진,2460,400000,39360,1076,서울시,강서구,등촌2동,1150053000,82.0,18.0,53.0,7.0,1.0,0.0,0.0,38.0
482,Coltd Visionwave,2220,400000,35520,1610,서울시,중랑구,신내2동,1126069000,74.0,26.0,14.0,2.0,1.0,0.0,81.0,1.0
483,키위삼촌 UncleKiwi,2060,400000,32960,1229,서울시,동대문구,휘경1동,1123072000,48.0,52.0,8.0,45.0,16.0,17.0,4.0,0.0
484,JAE HONG OH,1920,400000,30720,94,서울시,노원구,중계4동,1135062400,67.0,33.0,0.0,87.0,5.0,5.0,2.0,0.0
485,인천최고덴트집,1820,400000,29120,440,서울시,광진구,자양4동,1121584700,58.0,42.0,0.0,3.0,1.0,0.0,0.0,95.0
486,Etomedia Korea,1730,400000,27680,298,서울시,중랑구,망우3동,1126066000,13.0,87.0,0.0,0.0,2.0,12.0,2.0,82.0
487,혼다코리아,1590,400000,25440,255,서울시,도봉구,창4동,1132051400,83.0,17.0,5.0,6.0,43.0,19.0,10.0,8.0
488,H. biny,1500,400000,24000,817,서울시,은평구,녹번동,1138051000,74.0,26.0,91.0,1.0,3.0,1.0,3.0,0.0
489,MTBS,1380,400000,22080,842,서울시,중랑구,신내2동,1126069000,59.0,41.0,6.0,14.0,1.0,9.0,3.0,62.0
490,자동차 매거진,1250,400000,20000,109,서울시,마포구,대흥동,1144060000,66.0,34.0,1.0,51.0,4.0,0.0,25.0,18.0
491,Lime Tube[라임튜브],2580000,200000,30000000,1337184,서울시,중랑구,묵1동,1126062000,50.0,50.0,9.0,0.0,84.0,4.0,1.0,0.0
492,Toy Wizard [토이위자드],2070000,200000,33120000,13973,서울시,영등포구,영등포동,1156053500,1.0,99.0,8.0,3.0,34.0,34.0,1.0,19.0
493,CoCosToy 꼬꼬스토이,1580000,200000,25280000,1311759,서울시,관악구,청룡동,1162059500,31.0,69.0,61.0,1.0,0.0,16.0,3.0,12.0
494,PLAYYANI 플레이애니,1170000,200000,18720000,260880,서울시,성동구,행당2동,1120057000,67.0,33.0,8.0,2.0,73.0,0.0,1.0,15.0
495,마이린 TV,933000,200000,27000000,362985,서울시,강북구,수유3동,1130563000,78.0,22.0,7.0,0.0,66.0,22.0,4.0,0.0
496,깨비키즈 [KEBIKIDS],771000,200000,12336000,390401,서울시,양천구,신월7동,1147061100,93.0,7.0,0.0,0.0,0.0,0.0,1.0,98.0
497,MiniforceTV,677000,200000,10832000,653670,서울시,용산구,원효로1동,1117056000,48.0,52.0,0.0,1.0,0.0,3.0,95.0,0.0
498,고고 티비GoGo TV,557000,200000,8912000,278772,서울시,중구,명동,1114055000,52.0,48.0,0.0,6.0,33.0,14.0,41.0,5.0
499,JOYJOY KIDZ[조이조이키즈] Nursery Rhymes,493000,200000,7888000,460093,서울시,중랑구,상봉1동,1126058000,19.0,81.0,1.0,42.0,7.0,1.0,45.0,3.0
500,리콩수콩일기키즈Rikongsukong Diary Kids,387000,200000,6192000,235666,서울시,영등포구,대림2동,1156071000,44.0,56.0,52.0,0.0,1.0,0.0,1.0,45.0
501,사랑아놀자(Let's Play SARANG),325000,200000,5200000,233295,서울시,구로구,수궁동,1153079000,28.0,72.0,1.0,0.0,12.0,10.0,1.0,75.0
502,리틀투니 Littletooni - 인기동요·키즈,280000,200000,4480000,241495,서울시,은평구,진관동,1138069000,19.0,81.0,1.0,3.0,50.0,12.0,2.0,31.0
503,PLAYYKIDS 플레이키즈,228000,200000,3648000,141256,서울시,성동구,금호1가동,1120059000,39.0,61.0,26.0,51.0,9.0,12.0,0.0,0.0
504,보니티비보니,198000,200000,3168000,60659,서울시,구로구,오류1동,1153077000,17.0,83.0,0.0,1.0,56.0,13.0,8.0,19.0
505,터닝메카드 - turning mecard official,175000,200000,2800000,84075,서울시,동작구,신대방2동,1159068000,16.0,84.0,5.0,4.0,1.0,40.0,6.0,40.0
506,디즈니채널,159000,200000,2544000,113847,서울시,중구,중림동,1114068000,78.0,22.0,2.0,4.0,66.0,26.0,0.0,1.0
507,[루피토이] Ruppy Toy,137000,200000,2192000,104822,서울시,송파구,풍납1동,1171051000,31.0,69.0,6.0,2.0,23.0,0.0,0.0,68.0
508,RabbitPlus_토깽이네상상더하기,124000,200000,1984000,74360,서울시,노원구,상계8동,1135070000,76.0,24.0,12.0,40.0,0.0,6.0,37.0,0.0
509,RunningMan 런닝맨,115000,200000,1840000,16996,서울시,서대문구,북가좌2동,1141072000,8.0,92.0,0.0,88.0,0.0,9.0,0.0,1.0
510,MKH,104000,200000,1664000,5023,서울시,광진구,능동,1121578000,36.0,64.0,1.0,11.0,4.0,20.0,61.0,2.0
511,두두팝토이 - DuDuPopTOY,90500,200000,1448000,1194262,서울시,강북구,수유3동,1130563000,77.0,23.0,2.0,6.0,0.0,0.0,1.0,90.0
512,Alice Aniper,86200,200000,1379200,135,서울시,마포구,용강동,1144059000,9.0,91.0,32.0,38.0,27.0,0.0,0.0,2.0
513,Kidnuts TV [키너츠TV],79500,200000,1272000,13811,서울시,중구,동화동,1114066500,64.0,36.0,0.0,28.0,2.0,69.0,0.0,0.0
514,심심한마녀,71800,200000,1148800,10475,서울시,금천구,시흥5동,1154569000,21.0,79.0,29.0,0.0,5.0,1.0,61.0,2.0
515,지니키즈 역사★Genikids History,63200,200000,1011200,50954,서울시,광진구,군자동,1121573000,51.0,49.0,1.0,4.0,7.0,3.0,16.0,53.0
516,뚜뚜루툰 TOON,52300,200000,836800,52693,서울시,서대문구,신촌동,1141058500,25.0,75.0,1.0,0.0,1.0,0.0,97.0,0.0
517,Korean Fairy Tales,48800,200000,780800,44462,서울시,서초구,서초2동,1165052000,18.0,82.0,1.0,64.0,33.0,0.0,0.0,1.0
518,Grag Geo,42000,200000,672000,984,서울시,관악구,남현동,1162063000,73.0,27.0,80.0,1.0,5.0,6.0,7.0,0.0
519,AniFriends - Animation Channel,37100,200000,593600,19657,서울시,중구,신당동,1114061500,61.0,39.0,31.0,21.0,3.0,2.0,20.0,21.0
520,유에스티알캡몬담당,33500,200000,536000,45180,서울시,중구,동화동,1114066500,95.0,5.0,53.0,4.0,26.0,0.0,0.0,16.0
521,Namkyue Kim,29400,200000,470400,104,서울시,구로구,오류1동,1153077000,92.0,8.0,0.0,2.0,0.0,33.0,0.0,64.0
522,ToyLand토이랜드,27700,200000,443200,447,서울시,종로구,사직동,1111053000,92.0,8.0,35.0,9.0,7.0,2.0,0.0,42.0
523,몰짜잔,24900,200000,398400,214,서울시,노원구,중계2.3동,1135062500,93.0,7.0,28.0,1.0,22.0,0.0,45.0,1.0
524,키즈레전드,23800,200000,380800,4266,서울시,서대문구,홍제1동,1141062000,4.0,96.0,1.0,11.0,51.0,0.0,18.0,18.0
525,최고급선풍기,21700,200000,347200,1,서울시,성동구,응봉동,1120058000,87.0,13.0,1.0,28.0,0.0,0.0,70.0,0.0
526,KIDS MAMA,18700,200000,299200,63,서울시,중랑구,면목7동,1126057000,46.0,54.0,38.0,23.0,0.0,9.0,9.0,20.0
527,14F 일사에프,271000,200000,4336000,75681,서울시,성북구,장위1동,1129076000,82.0,18.0,34.0,57.0,1.0,7.0,0.0,0.0
528,지식한잔,226000,200000,3616000,89966,서울시,강남구,논현1동,1168052100,59.0,41.0,0.0,65.0,0.0,15.0,7.0,12.0
529,친절한 대학,168000,200000,2688000,49778,서울시,용산구,한남동,1117068500,80.0,20.0,0.0,0.0,18.0,2.0,14.0,65.0
530,Conversational Korean,142000,200000,2272000,4856,서울시,중구,약수동,1114063500,89.0,11.0,2.0,1.0,3.0,86.0,0.0,6.0
531,또선생,130000,200000,2080000,16006,서울시,서초구,양재2동,1165065200,87.0,13.0,19.0,52.0,20.0,0.0,2.0,3.0
532,Dr.Law이윤규 변호사,119000,200000,1904000,13781,서울시,도봉구,창2동,1132051200,89.0,11.0,2.0,5.0,0.0,2.0,8.0,81.0
533,Don되는 영어,111000,200000,1776000,157,서울시,중랑구,중화2동,1126061000,9.0,91.0,0.0,79.0,1.0,2.0,16.0,0.0
534,Bridge TV,99800,200000,1596800,4792,서울시,동대문구,청량리동,1123070500,25.0,75.0,65.0,1.0,0.0,2.0,2.0,25.0
535,도올TV,93200,200000,1491200,24690,서울시,은평구,신사1동,1138063100,64.0,36.0,93.0,2.0,4.0,0.0,0.0,0.0
536,지후영어 tv,89500,200000,1432000,8580,서울시,강남구,삼성1동,1168058000,66.0,34.0,3.0,0.0,93.0,2.0,0.0,0.0
537,개인gain_vlog,84600,200000,1353600,5424,서울시,중랑구,묵2동,1126063000,10.0,90.0,13.0,66.0,7.0,3.0,1.0,8.0
538,CosmoJina코스모지나,79000,200000,1264000,9599,서울시,노원구,상계8동,1135070000,60.0,40.0,8.0,2.0,2.0,77.0,4.0,4.0
539,EBSi 고교강의,73400,200000,1174400,17975,서울시,관악구,청룡동,1162059500,62.0,38.0,41.0,0.0,4.0,0.0,47.0,7.0
540,신박사 TV,70100,200000,1121600,13835,서울시,양천구,신월2동,1147057000,74.0,26.0,15.0,0.0,17.0,11.0,26.0,30.0
541,서울경제썸 Thumb,64800,200000,1036800,17692,서울시,광진구,군자동,1121573000,75.0,25.0,0.0,12.0,13.0,4.0,62.0,8.0
542,Listen and Learn English,60900,200000,974400,8958,서울시,은평구,신사2동,1138063200,35.0,65.0,5.0,9.0,18.0,12.0,27.0,28.0
543,연세중앙교회 Yonsei Central Baptist Church,57900,200000,926400,20932,서울시,구로구,오류2동,1153078000,49.0,51.0,0.0,5.0,15.0,11.0,32.0,29.0
544,대성마이맥,53800,200000,860800,70613,서울시,중구,약수동,1114063500,76.0,24.0,1.0,19.0,2.0,4.0,60.0,11.0
545,세탁하기좋은날TV,51800,200000,828800,7363,서울시,성북구,종암동,1129070500,62.0,38.0,3.0,6.0,0.0,7.0,62.0,21.0
546,백티비,48900,200000,782400,55697,서울시,성북구,정릉4동,1129062000,57.0,43.0,0.0,1.0,60.0,1.0,18.0,18.0
547,같영구,47100,200000,753600,6550,서울시,강서구,화곡2동,1150055000,50.0,50.0,26.0,0.0,3.0,37.0,1.0,32.0
548,중국어 방송하는 애니,45500,200000,728000,4579,서울시,은평구,응암3동,1138060000,11.0,89.0,0.0,7.0,2.0,86.0,0.0,4.0
549,스튜디오A,42900,200000,686400,9,서울시,마포구,서강동,1144065500,73.0,27.0,10.0,55.0,0.0,25.0,0.0,9.0
550,럭키맨33의 HAPPY TIME,41100,200000,657600,155,서울시,관악구,조원동,1162072500,56.0,44.0,39.0,17.0,3.0,2.0,1.0,36.0
551,이기적영진닷컴,39400,200000,630400,11272,서울시,송파구,가락2동,1171063200,6.0,94.0,0.0,25.0,7.0,65.0,1.0,0.0
552,rider eye-Aviation&Military,38700,200000,619200,9412,서울시,은평구,진관동,1138069000,25.0,75.0,0.0,12.0,75.0,2.0,2.0,6.0
553,법률방송,36200,200000,579200,8764,서울시,노원구,공릉1동,1135059500,48.0,52.0,55.0,0.0,0.0,39.0,0.0,5.0
554,Nina's Life School니나,35600,200000,569600,4835,서울시,서대문구,홍제1동,1141062000,75.0,25.0,0.0,47.0,2.0,31.0,4.0,15.0
555,혼공TV,34400,200000,550400,3659,서울시,용산구,이촌2동,1117064000,64.0,36.0,5.0,1.0,1.0,20.0,49.0,22.0
556,NEXUS,32900,200000,526400,4969,서울시,양천구,신정1동,1147062000,98.0,2.0,65.0,33.0,0.0,0.0,0.0,1.0
557,[비트코인]킬러웨일 - KillaWhale,31700,200000,507200,264,서울시,구로구,구로4동,1153055000,33.0,67.0,0.0,1.0,0.0,15.0,83.0,0.0
558,딸바TV,30800,200000,492800,16158,서울시,중구,청구동,1114064500,23.0,77.0,2.0,94.0,0.0,0.0,3.0,0.0
559,이거봐봐TV,29600,200000,473600,1875,서울시,강서구,우장산동,1150061500,12.0,88.0,31.0,0.0,0.0,25.0,37.0,6.0
560,TV행복이먼저다,28700,200000,459200,13598,서울시,성북구,정릉2동,1129059000,85.0,15.0,0.0,93.0,2.0,0.0,4.0,0.0
561,우리은행,28100,200000,449600,1338,서울시,양천구,신정3동,1147064000,9.0,91.0,5.0,0.0,6.0,86.0,0.0,2.0
562,연고맨,27300,200000,436800,4549,서울시,은평구,갈현1동,1138055100,74.0,26.0,1.0,3.0,12.0,82.0,1.0,0.0
563,HANBINI STUDYLOG,26700,200000,427200,2883,서울시,도봉구,방학3동,1132071000,20.0,80.0,66.0,1.0,1.0,26.0,2.0,0.0
564,시사북스,25600,200000,409600,3250,서울시,중랑구,신내1동,1126068000,12.0,88.0,19.0,2.0,23.0,2.0,36.0,13.0
565,아시아투데이ASIATODAY,25100,200000,401600,11557,서울시,송파구,장지동,1171064600,31.0,69.0,0.0,61.0,1.0,34.0,2.0,1.0
566,주임재TV,24300,200000,388800,4386,서울시,강서구,방화2동,1150064000,89.0,11.0,3.0,64.0,3.0,2.0,3.0,20.0
567,HANGUL FORMULA,23800,200000,380800,974,서울시,송파구,송파1동,1171058000,5.0,95.0,12.0,0.0,71.0,2.0,1.0,9.0
568,갑술명리학연구소,22900,200000,366400,7992,서울시,관악구,난향동,1162071500,13.0,87.0,13.0,45.0,34.0,4.0,3.0,0.0
569,국어의 기술,22100,200000,353600,11470,서울시,강동구,암사1동,1174057000,71.0,29.0,34.0,45.0,6.0,2.0,10.0,2.0
570,Hong JinPyo,21400,200000,342400,5037,서울시,송파구,잠실6동,1171071000,58.0,42.0,14.0,1.0,73.0,3.0,5.0,2.0
571,SamsungMedicalCenter,20400,200000,326400,3965,서울시,송파구,위례동,1171053100,76.0,24.0,78.0,8.0,1.0,3.0,4.0,3.0
572,시대에듀빠른 합격!,20000,200000,320000,7981,서울시,서초구,반포본동,1165055000,8.0,92.0,9.0,68.0,8.0,11.0,0.0,3.0
573,장현호,19500,200000,312000,3723,서울시,양천구,신월1동,1147056000,72.0,28.0,3.0,0.0,0.0,0.0,0.0,96.0
574,렛유인 LEDU l 레듀,18800,200000,300800,8155,서울시,마포구,연남동,1144071000,28.0,72.0,31.0,42.0,2.0,0.0,8.0,16.0
575,미국주식에 미치다 TV,18400,200000,294400,7848,서울시,동대문구,제기동,1123054500,69.0,31.0,1.0,41.0,5.0,9.0,24.0,9.0
576,성장읽기,18000,200000,288000,2234,서울시,관악구,삼성동,1162074500,19.0,81.0,9.0,9.0,1.0,1.0,28.0,45.0
577,체인지TV ChangeTV,17600,200000,281600,1923,서울시,영등포구,신길3동,1156065000,70.0,30.0,30.0,17.0,1.0,24.0,15.0,3.0
578,온라인 김도현 뉴미디어 영어,17300,200000,276800,108,서울시,강남구,논현2동,1168053100,58.0,42.0,3.0,4.0,29.0,3.0,40.0,18.0
579,심영세원,16900,200000,270400,2084,서울시,중랑구,상봉2동,1126059000,42.0,58.0,0.0,88.0,1.0,0.0,0.0,10.0
580,HamVoice 보컬트레이너 함현철,16600,200000,265600,974,서울시,동대문구,답십리1동,1123060000,39.0,61.0,1.0,1.0,2.0,0.0,94.0,0.0
581,순당무,120000,200000,1920000,75150,서울시,노원구,중계4동,1135062400,34.0,66.0,1.0,95.0,2.0,0.0,0.0,1.0
582,수경화실방송국,63800,200000,1020800,2976,서울시,금천구,독산2동,1154562000,42.0,58.0,1.0,0.0,2.0,30.0,37.0,24.0
583,민마mintmouse,52600,200000,841600,0,서울시,성동구,금호2.3가동,1120061500,81.0,19.0,0.0,28.0,40.0,27.0,0.0,3.0
584,픽츄어림,37700,200000,603200,331,서울시,강서구,우장산동,1150061500,12.0,88.0,61.0,16.0,0.0,11.0,11.0,0.0
585,MEATRABBIT육식토끼,31200,200000,499200,186,서울시,노원구,하계2동,1135061200,46.0,54.0,9.0,10.0,10.0,53.0,1.0,14.0
586,KKMI끄미,26900,200000,430400,220,서울시,서초구,방배본동,1165059000,84.0,16.0,19.0,37.0,1.0,10.0,19.0,0.0
587,히됴 Hidyo,23000,200000,368000,62,서울시,광진구,화양동,1121571000,78.0,22.0,25.0,21.0,0.0,32.0,11.0,3.0
588,ereara에리아라,19000,200000,304000,402,서울시,송파구,오륜동,1171056600,53.0,47.0,41.0,0.0,0.0,56.0,1.0,1.0
