channel_id,category,channel,followers,views,cost,category_id,target_m,target_w,target_10,target_20,target_30,target_40,target_50,target_60,addr_code,addr_city,addr_gu,addr_dong
3,뷰티 · 패션,새벽,"644,000","13,978","30,912,000",500000,61.0,39.0,7.0,19.0,61.0,8.0,3.0,1.0,1153055000,서울시,구로구,구로4동
4,뷰티 · 패션,DAISY 데이지,"496,000","45,424","23,808,000",500000,62.0,38.0,0.0,95.0,1.0,2.0,1.0,0.0,1141052000,서울시,서대문구,천연동
5,뷰티 · 패션,딩고 뷰티 / dingo beauty,"424,000","47,901","20,352,000",500000,33.0,67.0,0.0,44.0,54.0,0.0,1.0,0.0,1168054500,서울시,강남구,압구정동
6,뷰티 · 패션,So Young,"361,000","1,361","17,328,000",500000,24.0,76.0,4.0,0.0,53.0,0.0,9.0,33.0,1153076000,서울시,구로구,개봉3동
7,뷰티 · 패션,유정 YU JEONG,"304,000","19,673","14,592,000",500000,80.0,20.0,5.0,3.0,82.0,0.0,0.0,8.0,1126057000,서울시,중랑구,면목7동
8,뷰티 · 패션,조두팔,"267,000","572,201","12,816,000",500000,89.0,11.0,18.0,0.0,4.0,1.0,29.0,47.0,1130553400,서울시,강북구,삼양동
9,뷰티 · 패션,김무비 KIM MOVIE,"242,000","19,417","11,616,000",500000,97.0,3.0,1.0,82.0,5.0,8.0,0.0,1.0,1144056500,서울시,마포구,공덕동
10,뷰티 · 패션,썸블리,"212,000","24,959","10,176,000",500000,75.0,25.0,53.0,39.0,4.0,1.0,1.0,1.0,1174065000,서울시,강동구,성내2동
11,뷰티 · 패션,Wonhee,"194,000","3,050","9,312,000",500000,56.0,44.0,8.0,4.0,18.0,4.0,37.0,27.0,1150063000,서울시,강서구,방화1동
12,뷰티 · 패션,SoriNotSorry!소리,"182,000","11,493","8,736,000",500000,94.0,6.0,15.0,22.0,32.0,26.0,2.0,0.0,1129061000,서울시,성북구,보문동
13,뷰티 · 패션,파우더룸,"168,000","38,423","8,064,000",500000,13.0,87.0,7.0,3.0,1.0,26.0,46.0,16.0,1111061500,서울시,종로구,종로1.2.3.4가동
14,뷰티 · 패션,채경chaekyung,"145,000","13,120","6,960,000",500000,40.0,60.0,33.0,58.0,1.0,0.0,0.0,1.0,1138064000,서울시,은평구,증산동
15,뷰티 · 패션,라엘왁싱 논현본점,"135,000","5,698","6,480,000",500000,33.0,67.0,0.0,1.0,0.0,98.0,0.0,0.0,1168075000,서울시,강남구,수서동
16,뷰티 · 패션,Bella벨라,"119,000","5,427","5,712,000",500000,15.0,85.0,23.0,2.0,51.0,5.0,1.0,16.0,1168053100,서울시,강남구,논현2동
17,뷰티 · 패션,바른남자 준구씨 come2david,"109,000","28,564","5,232,000",500000,54.0,46.0,27.0,0.0,28.0,9.0,20.0,13.0,1153051000,서울시,구로구,신도림동
18,뷰티 · 패션,YUZU 유즈,"103,000","14,399","4,944,000",500000,45.0,55.0,2.0,38.0,6.0,50.0,0.0,2.0,1135069500,서울시,노원구,상계6.7동
19,뷰티 · 패션,챙잇뷰티 CHAEYOUNG,"94,200","11,321","4,521,600",500000,16.0,84.0,0.0,6.0,62.0,0.0,30.0,1.0,1171061000,서울시,송파구,삼전동
20,뷰티 · 패션,THESUZY더수지,"89,100","9,418","5,000,000",500000,32.0,68.0,0.0,32.0,0.0,66.0,0.0,1.0,1162056500,서울시,관악구,성현동
21,뷰티 · 패션,뭐혜연,"82,400","34,532","3,955,200",500000,63.0,37.0,1.0,1.0,65.0,6.0,26.0,0.0,1147065000,서울시,양천구,신정4동
22,뷰티 · 패션,에이프롬 ÁFROM,"73,600","4,171","3,532,800",500000,41.0,59.0,3.0,37.0,26.0,0.0,32.0,1.0,1162073500,서울시,관악구,대학동
23,뷰티 · 패션,Kobe Jeans 코비진스,"67,000","6,919","3,216,000",500000,39.0,61.0,0.0,98.0,0.0,1.0,0.0,0.0,1130555500,서울시,강북구,송천동
24,뷰티 · 패션,YoonJae윤졔,"62,400","3,437","2,995,200",500000,68.0,32.0,3.0,0.0,20.0,21.0,55.0,0.0,1111060000,서울시,종로구,가회동
25,뷰티 · 패션,차홍 CHAHONG OFFICIAL,"59,800","10,966","2,870,400",500000,18.0,82.0,0.0,0.0,0.0,97.0,2.0,0.0,1150061500,서울시,강서구,우장산동
26,뷰티 · 패션,studio에이블리,"57,000","117,714","2,736,000",500000,24.0,76.0,58.0,3.0,6.0,23.0,2.0,5.0,1123074000,서울시,동대문구,이문1동
27,뷰티 · 패션,오대리Oderi,"55,100","12,828","2,644,800",500000,86.0,14.0,1.0,5.0,7.0,70.0,16.0,0.0,1114062500,서울시,중구,다산동
28,뷰티 · 패션,Baby le bonbon,"52,300",30,"2,510,400",500000,97.0,3.0,54.0,0.0,28.0,1.0,14.0,0.0,1129065000,서울시,성북구,정릉4동
29,뷰티 · 패션,Happyrim혜림쌤,"49,800","2,977","2,390,400",500000,33.0,67.0,3.0,1.0,1.0,59.0,11.0,18.0,1126058000,서울시,중랑구,상봉1동
30,뷰티 · 패션,호호시,"47,400","9,641","2,275,200",500000,23.0,77.0,2.0,87.0,0.0,0.0,1.0,9.0,1130563000,서울시,강북구,수유3동
31,뷰티 · 패션,MYSTER LEE터리,"44,000","3,490","2,112,000",500000,45.0,55.0,22.0,0.0,9.0,0.0,0.0,68.0,1141064000,서울시,서대문구,홍제3동
32,뷰티 · 패션,여니네일 YeoniNail,"41,800",85,"2,006,400",500000,78.0,22.0,6.0,64.0,17.0,4.0,1.0,3.0,1150054000,서울시,강서구,화곡1동
33,뷰티 · 패션,Mua_yun윤,"38,900","1,399","1,867,200",500000,35.0,65.0,15.0,0.0,0.0,1.0,83.0,0.0,1147059000,서울시,양천구,신월4동
34,뷰티 · 패션,지희꽃JH_flower,"37,200","8,942","1,785,600",500000,31.0,69.0,0.0,0.0,5.0,0.0,0.0,93.0,1130561000,서울시,강북구,수유1동
35,뷰티 · 패션,세이SAY,"35,100",474,"1,684,800",500000,77.0,23.0,0.0,28.0,12.0,3.0,40.0,13.0,1154571000,서울시,금천구,시흥5동
36,뷰티 · 패션,CQ씨큐,"33,000",467,"1,584,000",500000,79.0,21.0,0.0,1.0,0.0,72.0,25.0,1.0,1147058000,서울시,양천구,신월3동
37,뷰티 · 패션,보은 Boeun,"31,700",352,"1,521,600",500000,53.0,47.0,0.0,2.0,7.0,2.0,40.0,47.0,1154571000,서울시,금천구,시흥5동
38,뷰티 · 패션,MAMONDE 마몽드 KOREA,"29,600",757,"1,420,800",500000,67.0,33.0,23.0,0.0,2.0,72.0,0.0,1.0,1162062500,서울시,관악구,인헌동
39,뷰티 · 패션,마이뷰티씨 MyBeautyC,"27,600","653,318","1,324,800",500000,35.0,65.0,0.0,0.0,0.0,3.0,96.0,0.0,1174060000,서울시,강동구,천호1동
40,뷰티 · 패션,THEFACESHOP,"26,300","24,602","1,262,400",500000,44.0,56.0,17.0,37.0,11.0,4.0,9.0,19.0,1159052000,서울시,동작구,노량진2동
41,뷰티 · 패션,머리 만지는 사람 헤어연구소,"23,800","2,503","1,142,400",500000,89.0,11.0,0.0,2.0,66.0,0.0,28.0,1.0,1123070500,서울시,동대문구,청량리동
42,뷰티 · 패션,피알남 피부과전문의 김홍석,"23,000","9,886","1,104,000",500000,2.0,98.0,6.0,0.0,92.0,0.0,1.0,0.0,1141056500,서울시,서대문구,충현동
43,뷰티 · 패션,쥰나의 행복한 하루,"21,800","1,112","1,046,400",500000,43.0,57.0,57.0,1.0,1.0,5.0,9.0,26.0,1132051300,서울시,도봉구,창3동
44,뷰티 · 패션,가은,"20,500","3,539","984,000",500000,76.0,24.0,0.0,0.0,50.0,0.0,46.0,3.0,1168054500,서울시,강남구,압구정동
45,뷰티 · 패션,혜원시,"19,600",155,"940,800",500000,66.0,34.0,88.0,0.0,0.0,0.0,11.0,0.0,1130557500,서울시,강북구,삼각산동
46,뷰티 · 패션,Ugarit 유가릿,"18,100",798,"868,800",500000,55.0,45.0,40.0,0.0,0.0,7.0,52.0,0.0,1168061000,서울시,강남구,대치2동
47,뷰티 · 패션,독고다LEE,"17,200","1,132","825,600",500000,48.0,52.0,3.0,2.0,40.0,10.0,18.0,23.0,1159063000,서울시,동작구,사당2동
48,뷰티 · 패션,[DFWM] 동대문 패션 도매시장,"16,500",82,"792,000",500000,26.0,74.0,0.0,3.0,72.0,3.0,0.0,21.0,1150056000,서울시,강서구,화곡3동
49,뷰티 · 패션,Lisa 리사,"15,600",465,"748,800",500000,98.0,2.0,0.0,99.0,0.0,0.0,0.0,0.0,1162073500,서울시,관악구,대학동
50,뷰티 · 패션,엘수정,"14,700","1,087","705,600",500000,14.0,86.0,1.0,42.0,48.0,4.0,1.0,0.0,1123075000,서울시,동대문구,이문2동
51,먹방,파뿌리,"755,000","808,554","6,040,000",100000,48.0,52.0,0.0,57.0,0.0,3.0,1.0,38.0,1171051000,서울시,송파구,풍납1동
52,먹방,맛상무,"514,000","170,297","15,000,000",100000,12.0,88.0,7.0,5.0,40.0,2.0,35.0,9.0,1117062500,서울시,용산구,한강로동
53,먹방,박병진용사,"365,000","153,993","15,000,000",100000,77.0,23.0,57.0,0.0,0.0,5.0,33.0,4.0,1114060500,서울시,중구,을지로동
54,먹방,Viet Han Couple한베커플,"263,000","224,551","2,104,000",100000,20.0,80.0,52.0,47.0,0.0,0.0,0.0,0.0,1174065000,서울시,강동구,성내2동
55,먹방,돼지런한 생활 Let Eat Be,"222,000","19,640","1,776,000",100000,15.0,85.0,6.0,32.0,9.0,20.0,0.0,0.0,1144071000,서울시,마포구,연남동
56,먹방,이영자 채널 :LYJ CH.,"169,000",318,"1,352,000",100000,2.0,98.0,94.0,4.0,0.0,0.0,0.0,0.0,1171068000,서울시,송파구,잠실3동
57,먹방,약속해TV,"136,000","63,882","1,088,000",100000,34.0,66.0,3.0,2.0,37.0,1.0,26.0,26.0,1117070000,서울시,용산구,보광동
58,먹방,김기쁨,"105,000","30,937","840,000",100000,21.0,79.0,9.0,0.0,9.0,75.0,5.0,1.0,1138056000,서울시,은평구,구산동
59,먹방,aguTV eric,"84,100",162,"672,800",100000,36.0,64.0,12.0,0.0,31.0,49.0,2.0,2.0,1111065000,서울시,종로구,혜화동
60,먹방,JASON TV,"68,600","70,594","548,800",100000,15.0,85.0,3.0,0.0,94.0,0.0,1.0,0.0,1129055500,서울시,성북구,삼선동
61,먹방,균TV [Gyuntv],"55,800","10,765","446,400",100000,78.0,22.0,11.0,0.0,5.0,8.0,7.0,65.0,1141056500,서울시,서대문구,충현동
62,먹방,님레비,"48,000","1,553","384,000",100000,13.0,87.0,50.0,4.0,6.0,16.0,19.0,1.0,1135061100,서울시,노원구,하계1동
63,먹방,취권래퍼유민수,"41,100","2,611","328,800",100000,69.0,31.0,45.0,6.0,7.0,37.0,3.0,0.0,1117057000,서울시,용산구,원효로2동
64,먹방,SpoonB스푼비,"32,800","1,674","262,400",100000,94.0,6.0,25.0,0.0,7.0,56.0,8.0,1.0,1138058000,서울시,은평구,응암1동
65,먹방,노리NORI,"28,900","2,869","231,200",100000,54.0,46.0,9.0,10.0,64.0,1.0,1.0,14.0,1156056000,서울시,영등포구,당산2동
66,먹방,투비,"24,100","1,259","192,800",100000,81.0,19.0,0.0,1.0,0.0,95.0,2.0,1.0,1165057000,서울시,서초구,반포2동
67,BJ · 엔터테이너,섭이는못말려,"1,190,000","21,466","19,040,000",800000,54.0,46.0,18.0,64.0,13.0,0.0,4.0,0.0,1129071500,서울시,성북구,월곡1동
68,BJ · 엔터테이너,HANA 김하나,"1,060,000","86,444","30,000,000",800000,23.0,77.0,11.0,7.0,0.0,81.0,0.0,0.0,1156051500,서울시,영등포구,영등포본동
69,BJ · 엔터테이너,휘트니 whitney bae,"869,000","247,890","13,904,000",800000,97.0,3.0,29.0,19.0,1.0,0.0,50.0,0.0,1171064100,서울시,송파구,문정1동
70,BJ · 엔터테이너,Mimine Miniature 미미네 미니어쳐,"767,000","11,444","12,272,000",800000,94.0,6.0,6.0,64.0,0.0,10.0,5.0,14.0,1168056500,서울시,강남구,청담동
71,BJ · 엔터테이너,여정을떠난여정,"711,000","12,946","11,376,000",800000,75.0,25.0,0.0,25.0,31.0,3.0,40.0,0.0,1126057500,서울시,중랑구,면목3.8동
72,BJ · 엔터테이너,미소,"556,000","5,644","8,896,000",800000,81.0,19.0,13.0,9.0,0.0,0.0,74.0,3.0,1162071500,서울시,관악구,난향동
73,BJ · 엔터테이너,시미켄 TV,"532,000","212,860","8,512,000",800000,18.0,82.0,0.0,0.0,0.0,28.0,15.0,56.0,1117059000,서울시,용산구,용문동
74,BJ · 엔터테이너,이라이라경,"514,000","47,589","8,224,000",800000,14.0,86.0,5.0,55.0,0.0,5.0,5.0,28.0,1156055000,서울시,영등포구,당산1동
75,BJ · 엔터테이너,찬우살이,"474,000","4,479","7,584,000",800000,50.0,50.0,2.0,31.0,9.0,44.0,7.0,2.0,1132066000,서울시,도봉구,쌍문1동
76,BJ · 엔터테이너,금강연화,"438,000","374,934","7,008,000",800000,75.0,25.0,21.0,2.0,69.0,5.0,0.0,2.0,1168052100,서울시,강남구,논현1동
77,BJ · 엔터테이너,창이의일상,"416,000","93,779","6,656,000",800000,70.0,30.0,1.0,2.0,5.0,3.0,27.0,58.0,1147056000,서울시,양천구,신월1동
78,BJ · 엔터테이너,느낌적인느낌,"392,000","28,460","25,000,000",800000,22.0,78.0,13.0,0.0,72.0,1.0,4.0,8.0,1132066000,서울시,도봉구,쌍문1동
79,BJ · 엔터테이너,비썹 Bssup,"335,000","98,983","5,360,000",800000,38.0,62.0,62.0,6.0,19.0,12.0,0.0,0.0,1168056500,서울시,강남구,청담동
80,BJ · 엔터테이너,김나영의 nofilterTV,"315,000","231,771","5,040,000",800000,36.0,64.0,1.0,0.0,6.0,1.0,0.0,91.0,1111065000,서울시,종로구,혜화동
81,BJ · 엔터테이너,에렌디라,"294,000","43,218","4,704,000",800000,29.0,71.0,58.0,0.0,0.0,30.0,0.0,11.0,1129077000,서울시,성북구,장위2동
82,BJ · 엔터테이너,딩가의 회전목마 DINGA,"275,000","27,883","4,400,000",800000,37.0,63.0,2.0,3.0,0.0,8.0,86.0,0.0,1111058000,서울시,종로구,교남동
83,BJ · 엔터테이너,김덕배 이야기,"262,000","195,558","4,192,000",800000,69.0,31.0,10.0,28.0,30.0,1.0,10.0,18.0,1156069000,서울시,영등포구,신길7동
84,BJ · 엔터테이너,정배우JungTube,"246,000","640,459","3,936,000",800000,82.0,18.0,0.0,27.0,0.0,70.0,0.0,2.0,1114062500,서울시,중구,다산동
85,BJ · 엔터테이너,날라리데이브!,"228,000","8,375","3,648,000",800000,88.0,12.0,51.0,19.0,3.0,19.0,2.0,5.0,1162065500,서울시,관악구,신원동
86,BJ · 엔터테이너,별난박TV(Wacky TV),"208,000","121,492","3,328,000",800000,33.0,67.0,0.0,41.0,11.0,46.0,0.0,1.0,1130561000,서울시,강북구,수유1동
87,BJ · 엔터테이너,BJ이슬이 SeulTV,"194,000","1,247","3,104,000",800000,59.0,41.0,0.0,0.0,6.0,0.0,91.0,2.0,1150064100,서울시,강서구,방화3동
88,BJ · 엔터테이너,동빠,"182,000","17,533","2,912,000",800000,71.0,29.0,53.0,18.0,2.0,0.0,26.0,0.0,1171072000,서울시,송파구,잠실7동
89,BJ · 엔터테이너,리도동동Leedo,"175,000","43,385","2,800,000",800000,22.0,78.0,78.0,0.0,0.0,0.0,21.0,0.0,1150064100,서울시,강서구,방화3동
90,BJ · 엔터테이너,유이뿅YUIPYON,"168,000","684,682","2,688,000",800000,16.0,84.0,0.0,5.0,87.0,5.0,2.0,0.0,1153074000,서울시,구로구,개봉1동
91,BJ · 엔터테이너,채널 김철수 CHANNEL GIMCHEOLSOO,"162,000","18,588","2,592,000",800000,86.0,14.0,0.0,2.0,6.0,0.0,0.0,91.0,1147065000,서울시,양천구,신정4동
92,BJ · 엔터테이너,맫체열,"153,000","2,319","2,448,000",800000,94.0,6.0,57.0,5.0,5.0,3.0,19.0,10.0,1129076000,서울시,성북구,장위1동
93,BJ · 엔터테이너,Ktown4u,"147,000","34,544","2,352,000",800000,9.0,91.0,1.0,11.0,56.0,0.0,10.0,21.0,1130560000,서울시,강북구,번2동
94,BJ · 엔터테이너,팝송읽어주는여자Jina,"142,000","13,213","2,272,000",800000,68.0,32.0,0.0,28.0,65.0,4.0,2.0,0.0,1174069000,서울시,강동구,둔촌1동
95,BJ · 엔터테이너,선비방송,"135,000","13,474","2,160,000",800000,70.0,30.0,78.0,1.0,12.0,3.0,0.0,5.0,1114055000,서울시,중구,명동
96,BJ · 엔터테이너,양품생활,"131,000","30,629","2,096,000",800000,11.0,89.0,0.0,1.0,0.0,0.0,0.0,98.0,1123065000,서울시,동대문구,장안1동
97,BJ · 엔터테이너,S.W.entertainment,"125,000","11,725","2,000,000",800000,2.0,98.0,50.0,17.0,16.0,6.0,0.0,10.0,1144055500,서울시,마포구,아현동
98,BJ · 엔터테이너,CheritzTeam,"120,000","4,260","1,920,000",800000,88.0,12.0,4.0,54.0,0.0,24.0,3.0,14.0,1126063000,서울시,중랑구,묵2동
99,BJ · 엔터테이너,happy3days,"119,000","-455,416","1,904,000",800000,73.0,27.0,68.0,0.0,31.0,0.0,0.0,0.0,1168072000,서울시,강남구,일원본동
100,BJ · 엔터테이너,긍정적소녀,"115,000","1,498","1,840,000",800000,53.0,47.0,15.0,3.0,44.0,7.0,6.0,22.0,1174056000,서울시,강동구,고덕2동
101,BJ · 엔터테이너,잘익은꽃대하,"111,000","1,107","1,776,000",800000,38.0,62.0,0.0,8.0,2.0,0.0,2.0,85.0,1162057500,서울시,관악구,행운동
102,BJ · 엔터테이너,우마 2,"107,000","2,207","1,712,000",800000,3.0,97.0,0.0,0.0,0.0,1.0,98.0,0.0,1165055000,서울시,서초구,반포본동
103,BJ · 엔터테이너,해쭈 [HAEJOO],"103,000","-28,497","1,648,000",800000,64.0,36.0,0.0,52.0,0.0,34.0,0.0,13.0,1130553400,서울시,강북구,삼양동
104,BJ · 엔터테이너,치과의사이수진,"100,000","16,622","1,600,000",800000,73.0,27.0,6.0,0.0,67.0,3.0,11.0,9.0,1153077000,서울시,구로구,오류1동
105,BJ · 엔터테이너,[하말넘많] heavytalker,"99,300","29,222","1,588,800",800000,16.0,84.0,0.0,30.0,1.0,0.0,0.0,68.0,1120065000,서울시,성동구,성수1가1동
106,BJ · 엔터테이너,[oujjo]우유쪼조아,"96,400","1,957","1,542,400",800000,72.0,28.0,2.0,81.0,0.0,0.0,0.0,16.0,1168061000,서울시,강남구,대치2동
107,BJ · 엔터테이너,99film Official,"90,900","52,286","1,454,400",800000,2.0,98.0,2.0,0.0,0.0,80.0,2.0,15.0,1171051000,서울시,송파구,풍납1동
108,BJ · 엔터테이너,이승희,"87,700","5,950","1,403,200",800000,11.0,89.0,1.0,77.0,1.0,3.0,0.0,17.0,1135070000,서울시,노원구,상계8동
109,BJ · 엔터테이너,쌀이없어요,"84,500","4,366","1,352,000",800000,50.0,50.0,0.0,99.0,0.0,0.0,0.0,0.0,1150061100,서울시,강서구,발산1동
110,BJ · 엔터테이너,JFS,"80,800","58,589","1,292,800",800000,23.0,77.0,1.0,32.0,2.0,0.0,57.0,6.0,1135066500,서울시,노원구,상계3.4동
111,BJ · 엔터테이너,에엑샤,"77,800","1,740","1,244,800",800000,53.0,47.0,21.0,1.0,59.0,0.0,16.0,2.0,1132067000,서울시,도봉구,쌍문2동
112,BJ · 엔터테이너,IngBung,"75,500",309,"1,208,000",800000,3.0,97.0,5.0,2.0,1.0,48.0,43.0,0.0,1135060000,서울시,노원구,공릉2동
113,BJ · 엔터테이너,official miya,"73,000","1,891","1,168,000",800000,86.0,14.0,85.0,0.0,10.0,1.0,3.0,0.0,1156072000,서울시,영등포구,대림3동
114,BJ · 엔터테이너,TV병신,"70,200","20,515","1,123,200",800000,98.0,2.0,4.0,0.0,28.0,56.0,10.0,0.0,1120054000,서울시,성동구,마장동
115,BJ · 엔터테이너,고말숙,"69,100","27,382","1,105,600",800000,81.0,19.0,70.0,5.0,0.0,10.0,4.0,10.0,1168060000,서울시,강남구,대치1동
116,BJ · 엔터테이너,모카씨,"67,100","2,546","1,073,600",800000,95.0,5.0,30.0,13.0,27.0,0.0,16.0,13.0,1174069000,서울시,강동구,둔촌1동
117,BJ · 엔터테이너,핵인싸플레이,"65,600","4,088","1,049,600",800000,16.0,84.0,16.0,31.0,10.0,5.0,1.0,2.0,1150060500,서울시,강서구,가양3동
118,BJ · 엔터테이너,삼승인 YISEUNGIN second,"63,600","19,896","1,017,600",800000,16.0,84.0,27.0,0.0,0.0,59.0,8.0,5.0,1126055000,서울시,중랑구,면목5동
119,BJ · 엔터테이너,레트로봇TV,"61,200","4,088","979,200",800000,76.0,24.0,12.0,0.0,9.0,0.0,10.0,68.0,1159063000,서울시,동작구,사당2동
120,BJ · 엔터테이너,미국아재,"59,800","8,423","956,800",800000,2.0,98.0,0.0,5.0,0.0,93.0,0.0,1.0,1129060000,서울시,성북구,안암동
121,Vlog · 일상,푸들커플,"241,000","111,730","3,856,000",800000,68.0,32.0,81.0,1.0,0.0,2.0,13.0,2.0,1165054000,서울시,서초구,잠원동
122,Vlog · 일상,Jang Hongan 홍안이,"196,000","14,579","3,136,000",800000,34.0,66.0,6.0,0.0,4.0,89.0,0.0,0.0,1147060000,서울시,양천구,신월5동
123,Vlog · 일상,[ MiraeTube ]미래가 미래다,"176,000","37,114","2,816,000",800000,65.0,35.0,66.0,0.0,0.0,18.0,1.0,13.0,1174061000,서울시,강동구,천호2동
124,Vlog · 일상,주은YOUTUBE,"130,000","34,985","2,080,000",800000,95.0,5.0,0.0,0.0,0.0,0.0,0.0,99.0,1165061000,서울시,서초구,방배2동
125,Vlog · 일상,효녀HYONYEO,"122,000","9,507","1,952,000",800000,13.0,87.0,80.0,3.0,0.0,1.0,15.0,0.0,1121586000,서울시,광진구,구의3동
126,Vlog · 일상,고탱 브이로그 Goteng Vlogs,"111,000","3,279","1,776,000",800000,94.0,6.0,32.0,1.0,12.0,3.0,12.0,32.0,1135060000,서울시,노원구,공릉2동
127,Vlog · 일상,멸치 myeolchi,"100,000","202,801","1,600,000",800000,93.0,7.0,80.0,8.0,3.0,4.0,0.0,4.0,1147065000,서울시,양천구,신정4동
128,Vlog · 일상,지희하이,"90,900",525,"1,454,400",800000,56.0,44.0,47.0,0.0,0.0,14.0,29.0,8.0,1117070000,서울시,용산구,보광동
129,Vlog · 일상,KASPER 캐스퍼,"86,200",802,"1,379,200",800000,64.0,36.0,1.0,88.0,0.0,7.0,0.0,3.0,1141056500,서울시,서대문구,충현동
130,Vlog · 일상,Mickey Seo,"80,300","24,634","1,284,800",800000,12.0,88.0,2.0,2.0,8.0,0.0,20.0,56.0,1162076500,서울시,관악구,미성동
131,Vlog · 일상,MD BAEGOPA,"76,600","4,467","1,225,600",800000,58.0,42.0,0.0,14.0,0.0,5.0,0.0,80.0,1114066500,서울시,중구,동화동
132,Vlog · 일상,주간 스티브,"69,600",5,"1,113,600",800000,25.0,75.0,0.0,0.0,0.0,0.0,99.0,0.0,1153054000,서울시,구로구,구로3동
133,Vlog · 일상,뀨우 kkyuu,"65,400","7,519","1,046,400",800000,64.0,36.0,1.0,0.0,0.0,2.0,0.0,96.0,1165053000,서울시,서초구,서초3동
134,Vlog · 일상,Aashish & Nahee,"62,000","5,522","992,000",800000,55.0,45.0,1.0,31.0,15.0,49.0,1.0,1.0,1156071000,서울시,영등포구,대림2동
135,Vlog · 일상,JIEONE지어니,"59,400",169,"950,400",800000,96.0,4.0,0.0,11.0,0.0,6.0,82.0,0.0,1141061500,서울시,서대문구,연희동
136,Vlog · 일상,단순한일상,"56,500","5,816","904,000",800000,16.0,84.0,41.0,1.0,8.0,1.0,3.0,27.0,1147057000,서울시,양천구,신월2동
137,Vlog · 일상,윤혜진의 what see TV,"54,100","29,917","865,600",800000,4.0,96.0,5.0,3.0,18.0,0.0,70.0,3.0,1171052000,서울시,송파구,풍납2동
138,Vlog · 일상,seoha오늘의 서하,"51,500","15,611","824,000",800000,15.0,85.0,0.0,25.0,6.0,10.0,10.0,48.0,1126061000,서울시,중랑구,중화2동
139,Vlog · 일상,하누,"49,700","10,782","795,200",800000,16.0,84.0,0.0,0.0,0.0,31.0,0.0,68.0,1168051000,서울시,강남구,신사동
140,Vlog · 일상,KBS Archive : 옛날티비,"46,900","84,490","750,400",800000,39.0,61.0,21.0,0.0,76.0,0.0,0.0,2.0,1147061100,서울시,양천구,신월7동
141,Vlog · 일상,JLIPS 제이립스,"45,200",252,"723,200",800000,26.0,74.0,13.0,1.0,72.0,1.0,12.0,0.0,1132052100,서울시,도봉구,도봉1동
142,Vlog · 일상,김미니민,"43,100","4,420","689,600",800000,26.0,74.0,0.0,46.0,0.0,0.0,53.0,0.0,1165061000,서울시,서초구,방배2동
143,Vlog · 일상,미니유 마음대로 Miniyu,"40,000",276,"640,000",800000,25.0,75.0,0.0,92.0,6.0,0.0,1.0,0.0,1114068000,서울시,중구,중림동
144,Vlog · 일상,하다튜브hadatube,"38,600",926,"617,600",800000,48.0,52.0,17.0,7.0,0.0,67.0,8.0,0.0,1156058500,서울시,영등포구,도림동
145,Vlog · 일상,민경훈 TV,"37,300","8,161","596,800",800000,72.0,28.0,59.0,29.0,5.0,6.0,0.0,0.0,1171071000,서울시,송파구,잠실6동
146,Vlog · 일상,전주스타일 Jeonju Style,"35,000",192,"560,000",800000,93.0,7.0,14.0,1.0,0.0,0.0,0.0,84.0,1117055500,서울시,용산구,청파동
147,Vlog · 일상,xo_yeri,"33,300","1,424","532,800",800000,27.0,73.0,28.0,1.0,0.0,0.0,0.0,70.0,1111055000,서울시,종로구,부암동
148,Vlog · 일상,boming보밍,"31,700",221,"507,200",800000,73.0,27.0,18.0,1.0,17.0,4.0,13.0,45.0,1171052000,서울시,송파구,풍납2동
149,Vlog · 일상,정메지MEJI,"30,100","6,337","481,600",800000,63.0,37.0,38.0,0.0,1.0,14.0,31.0,2.0,1129068500,서울시,성북구,길음2동
150,Vlog · 일상,비니빈,"28,900","7,412","462,400",800000,61.0,39.0,0.0,55.0,5.0,11.0,0.0,26.0,1117068500,서울시,용산구,한남동
151,Vlog · 일상,멀쓰샵2019,"27,800",115,"444,800",800000,75.0,25.0,4.0,7.0,0.0,1.0,46.0,38.0,1120061500,서울시,성동구,금호2.3가동
152,Vlog · 일상,이지호이죠_JiHo,"26,800","5,284","428,800",800000,53.0,47.0,19.0,0.0,43.0,1.0,36.0,0.0,1135058000,서울시,노원구,월계3동
153,Vlog · 일상,선정스런하루,"25,600","3,277","409,600",800000,45.0,55.0,22.0,21.0,0.0,0.0,0.0,56.0,1154569000,서울시,금천구,시흥5동
154,Vlog · 일상,newkay 뉴케이,"25,200","1,257","403,200",800000,30.0,70.0,9.0,27.0,39.0,14.0,9.0,0.0,1120057000,서울시,성동구,행당2동
155,Vlog · 일상,이공LEEGONG,"24,500",246,"392,000",800000,13.0,87.0,0.0,4.0,70.0,2.0,10.0,13.0,1121577000,서울시,광진구,중곡4동
156,Vlog · 일상,서새봄의 게임채널,"23,200","16,446","371,200",800000,36.0,64.0,1.0,18.0,3.0,74.0,0.0,0.0,1141070000,서울시,서대문구,남가좌2동
157,Vlog · 일상,Dong-Seok Shin,"22,100","15,401","353,600",800000,28.0,72.0,0.0,9.0,83.0,2.0,0.0,5.0,1150053000,서울시,강서구,등촌2동
158,Vlog · 일상,하면되겠지,"21,800","2,748","348,800",800000,95.0,5.0,0.0,0.0,46.0,51.0,0.0,2.0,1168065600,서울시,강남구,도곡2동
159,Vlog · 일상,홍상일,"21,300","37,199","340,800",800000,15.0,85.0,52.0,0.0,1.0,0.0,44.0,2.0,1130553400,서울시,강북구,삼양동
160,Vlog · 일상,홍빠빠TV,"20,600","2,285","329,600",800000,39.0,61.0,1.0,0.0,0.0,0.0,95.0,3.0,1141069000,서울시,서대문구,남가좌1동
161,Vlog · 일상,진한커플JinHan.couple,"20,000","1,777","320,000",800000,41.0,59.0,17.0,13.0,39.0,4.0,6.0,6.0,1120061500,서울시,성동구,금호2.3가동
162,Vlog · 일상,sejinsaywhat,"19,800",1,"316,800",800000,2.0,98.0,9.0,49.0,0.0,11.0,30.0,0.0,1159062000,서울시,동작구,사당1동
163,Vlog · 일상,비즈니스커플Bizcouple,"19,100",92,"305,600",800000,28.0,72.0,2.0,51.0,1.0,4.0,13.0,27.0,1135060000,서울시,노원구,공릉2동
164,Vlog · 일상,헤일리,"18,700","2,017","299,200",800000,56.0,44.0,0.0,15.0,2.0,69.0,0.0,13.0,1162073500,서울시,관악구,대학동
165,Vlog · 일상,달밍쓰다다이어리,"18,300",325,"292,800",800000,84.0,16.0,1.0,0.0,31.0,0.0,0.0,67.0,1111057000,서울시,종로구,무악동
166,Vlog · 일상,TV한세상,"18,000","1,625","288,000",800000,28.0,72.0,5.0,12.0,1.0,38.0,0.0,42.0,1153077000,서울시,구로구,오류1동
167,Vlog · 일상,찌브JJI'b,"17,800","1,440","284,800",800000,19.0,81.0,2.0,0.0,0.0,3.0,2.0,92.0,1150052000,서울시,강서구,등촌1동
168,Vlog · 일상,Fatemeh Mehlaban,"17,500","7,780","280,000",800000,30.0,70.0,0.0,0.0,0.0,96.0,0.0,3.0,1135061900,서울시,노원구,중계본동
169,Vlog · 일상,Rose Jang,"17,300",11,"276,800",800000,44.0,56.0,23.0,0.0,0.0,61.0,0.0,15.0,1174056000,서울시,강동구,고덕2동
170,Vlog · 일상,UR PRAWN,"17,000","2,115","272,000",800000,28.0,72.0,0.0,90.0,8.0,0.0,1.0,0.0,1123070500,서울시,동대문구,청량리동
171,Vlog · 일상,YOLO!인영,"16,700","6,737","267,200",800000,57.0,43.0,0.0,0.0,7.0,27.0,19.0,45.0,1168059000,서울시,강남구,삼성2동
172,Vlog · 일상,신지원 댄서의 일상,"16,500",248,"264,000",800000,62.0,38.0,1.0,7.0,89.0,1.0,0.0,0.0,1117058000,서울시,용산구,효창동
173,Vlog · 일상,YunMun TV,"16,200",105,"259,200",800000,26.0,74.0,76.0,20.0,2.0,0.0,0.0,1.0,1174058000,서울시,강동구,암사2동
174,Vlog · 일상,김보경,"15,800","8,310","252,800",800000,32.0,68.0,0.0,0.0,2.0,97.0,0.0,0.0,1138063200,서울시,은평구,신사2동
175,게임,스페셜솔져 - 모바일FPS,"757,000",135,"12,112,000",300000,33.0,67.0,2.0,22.0,9.0,36.0,21.0,8.0,1162061500,서울시,관악구,중앙동
176,게임,삼식,"650,000","33,000","10,400,000",300000,96.0,4.0,0.0,1.0,0.0,96.0,2.0,0.0,1171064100,서울시,송파구,문정1동
177,게임,강 지,"519,000","278,863","8,304,000",300000,81.0,19.0,29.0,4.0,1.0,60.0,0.0,3.0,1114060500,서울시,중구,을지로동
178,게임,형독방송,"471,000","434,655","7,536,000",300000,93.0,7.0,10.0,4.0,56.0,9.0,0.0,9.0,1162068500,서울시,관악구,신사동
179,게임,수탉,"430,000","189,698","6,880,000",300000,24.0,76.0,19.0,2.0,0.0,49.0,29.0,0.0,1111068000,서울시,종로구,창신2동
180,게임,오버워치,"413,000","47,720","6,608,000",300000,58.0,42.0,53.0,0.0,0.0,20.0,19.0,4.0,1156062000,서울시,영등포구,양평2동
181,게임,YOU TUBE공갈,"394,000","20,898","6,304,000",300000,87.0,13.0,4.0,0.0,51.0,13.0,13.0,10.0,1162069500,서울시,관악구,신림동
182,게임,탬탬버린,"373,000","186,372","5,968,000",300000,33.0,67.0,2.0,12.0,33.0,0.0,50.0,2.0,1147067000,서울시,양천구,신정6동
183,게임,성시훈 유튜브,"348,000","204,374","5,568,000",300000,60.0,40.0,2.0,1.0,9.0,16.0,3.0,68.0,1156070000,서울시,영등포구,대림1동
184,게임,김택환,"320,000","49,816","5,120,000",300000,22.0,78.0,0.0,3.0,20.0,73.0,3.0,0.0,1114052000,서울시,중구,소공동
185,게임,미라지,"305,000","186,982","4,880,000",300000,65.0,35.0,17.0,44.0,30.0,0.0,3.0,2.0,1114066500,서울시,중구,동화동
186,게임,니얼굴윤겔라(geltube),"290,000","15,778","4,640,000",300000,44.0,56.0,5.0,0.0,0.0,0.0,27.0,67.0,1168051000,서울시,강남구,신사동
187,게임,ABC,"276,000",0,"4,416,000",300000,97.0,3.0,77.0,10.0,2.0,0.0,0.0,9.0,1171059000,서울시,송파구,송파2동
188,게임,클래시 오브 클랜,"260,000","92,580","4,160,000",300000,99.0,1.0,1.0,44.0,21.0,0.0,31.0,2.0,1168067000,서울시,강남구,개포2동
189,게임,오늘의카톡,"246,000","8,357","3,936,000",300000,78.0,22.0,8.0,3.0,56.0,5.0,0.0,27.0,1171056600,서울시,송파구,오륜동
190,게임,블개,"236,000","49,316","3,776,000",300000,96.0,4.0,0.0,0.0,0.0,5.0,18.0,76.0,1141056500,서울시,서대문구,충현동
191,게임,웁TV,"222,000","120,640","3,552,000",300000,97.0,3.0,23.0,4.0,1.0,55.0,4.0,10.0,1156066000,서울시,영등포구,신길4동
192,게임,eSportsTV,"214,000","61,478","3,424,000",300000,80.0,20.0,52.0,2.0,2.0,9.0,13.0,12.0,1150060400,서울시,강서구,가양2동
193,게임,만만,"204,000","302,407","3,264,000",300000,38.0,62.0,8.0,3.0,0.0,64.0,24.0,0.0,1120053500,서울시,성동구,왕십리도선동
194,게임,양아지,"193,000","132,589","3,088,000",300000,35.0,65.0,0.0,6.0,49.0,34.0,4.0,2.0,1147061000,서울시,양천구,신월6동
195,게임,디스 이즈 샤이,"184,000","6,498","2,944,000",300000,40.0,60.0,52.0,12.0,8.0,0.0,27.0,0.0,1150060300,서울시,강서구,가양1동
196,게임,신해조,"178,000","172,424","2,848,000",300000,81.0,19.0,5.0,48.0,2.0,3.0,6.0,26.0,1121571000,서울시,광진구,화양동
197,게임,369랑께 YouTube,"170,000","6,578","2,720,000",300000,3.0,97.0,18.0,6.0,1.0,21.0,53.0,0.0,1144070000,서울시,마포구,망원2동
198,게임,배티,"166,000",40,"2,656,000",300000,20.0,80.0,11.0,3.0,36.0,2.0,14.0,33.0,1153076000,서울시,구로구,개봉3동
199,게임,Youtube천양,"158,000","85,129","2,528,000",300000,82.0,18.0,61.0,0.0,38.0,0.0,0.0,0.0,1135067000,서울시,노원구,상계5동
200,게임,케인 TV,"151,000","131,249","2,416,000",300000,4.0,96.0,4.0,5.0,18.0,72.0,0.0,0.0,1132068000,서울시,도봉구,쌍문3동
201,게임,로빈,"145,000","72,275","2,320,000",300000,57.0,43.0,0.0,1.0,98.0,0.0,0.0,0.0,1156058500,서울시,영등포구,도림동
202,게임,넥슨 YouTube,"137,000","16,879","2,192,000",300000,19.0,81.0,0.0,3.0,0.0,11.0,39.0,44.0,1126057000,서울시,중랑구,면목7동
203,게임,탕카페TV,"131,000","23,073","2,096,000",300000,12.0,88.0,0.0,43.0,23.0,0.0,33.0,0.0,1168053100,서울시,강남구,논현2동
204,게임,살인마협회장,"127,000","112,969","2,032,000",300000,2.0,98.0,0.0,3.0,24.0,6.0,65.0,0.0,1135056000,서울시,노원구,월계1동
205,게임,애덕 유튜브,"123,000","39,404","1,968,000",300000,48.0,52.0,3.0,47.0,35.0,0.0,14.0,0.0,1165066000,서울시,서초구,내곡동
206,게임,김호랭,"119,000","2,239","1,904,000",300000,86.0,14.0,68.0,1.0,1.0,11.0,18.0,0.0,1132068000,서울시,도봉구,쌍문3동
207,게임,메이플 이득충,"116,000","19,615","1,856,000",300000,19.0,81.0,2.0,16.0,7.0,6.0,48.0,20.0,1144073000,서울시,마포구,성산2동
208,게임,코렛트YouTube,"112,000","21,371","1,792,000",300000,93.0,7.0,14.0,12.0,3.0,11.0,11.0,43.0,1111057000,서울시,종로구,무악동
209,게임,에스카,"108,000","1,378","1,728,000",300000,94.0,6.0,0.0,0.0,95.0,1.0,1.0,1.0,1123074000,서울시,동대문구,이문1동
210,게임,VR&GAME무결,"105,000","2,588","1,680,000",300000,41.0,59.0,96.0,0.0,0.0,1.0,1.0,1.0,1159055000,서울시,동작구,상도3동
211,게임,GameDO,"103,000","29,341","1,648,000",300000,2.0,98.0,14.0,2.0,3.0,10.0,2.0,68.0,1147060000,서울시,양천구,신월5동
212,게임,아기곰TV (babybear TV),"97,700","20,499","1,563,200",300000,84.0,16.0,4.0,3.0,72.0,2.0,12.0,3.0,1121571000,서울시,광진구,화양동
213,게임,뽀박사 뽀쪽 Dr Joon,"93,700","20,440","1,499,200",300000,36.0,64.0,2.0,60.0,14.0,6.0,8.0,7.0,1114066500,서울시,중구,동화동
214,게임,라이너TV,"90,300","10,091","1,444,800",300000,3.0,97.0,0.0,1.0,5.0,8.0,79.0,2.0,1144060000,서울시,마포구,대흥동
215,게임,고누리,"87,600","4,702","1,401,600",300000,53.0,47.0,49.0,3.0,19.0,2.0,0.0,21.0,1174057000,서울시,강동구,암사1동
216,게임,신속,"85,700","33,575","1,371,200",300000,54.0,46.0,11.0,10.0,38.0,0.0,39.0,1.0,1150059000,서울시,강서구,화곡본동
217,게임,유영혁,"83,900","4,372","1,342,400",300000,97.0,3.0,2.0,12.0,0.0,0.0,77.0,8.0,1126057500,서울시,중랑구,면목3.8동
218,게임,주둥이방송,"81,800","4,224","1,308,800",300000,35.0,65.0,0.0,10.0,60.0,6.0,21.0,2.0,1130561000,서울시,강북구,수유1동
219,게임,똥그랩,"79,000","5,834","1,264,000",300000,19.0,81.0,10.0,31.0,1.0,0.0,4.0,53.0,1120058000,서울시,성동구,응봉동
220,게임,조랭몬 YouTube,"76,400","1,847","1,222,400",300000,98.0,2.0,44.0,1.0,0.0,53.0,0.0,1.0,1141058500,서울시,서대문구,신촌동
221,게임,스낵넛 SNACKNUT,"73,600","29,107","1,177,600",300000,61.0,39.0,1.0,8.0,35.0,1.0,13.0,41.0,1141058500,서울시,서대문구,신촌동
222,게임,닝겐자이라,"71,900",0,"1,150,400",300000,51.0,49.0,9.0,5.0,8.0,72.0,0.0,4.0,1121573000,서울시,광진구,군자동
223,게임,펭귄몬스터,"69,100","58,003","1,105,600",300000,66.0,34.0,2.0,1.0,55.0,16.0,4.0,2.0,1121582000,서울시,광진구,자양1동
224,게임,금똥왁왁,"66,700","50,669","1,067,200",300000,20.0,80.0,0.0,0.0,16.0,11.0,25.0,46.0,1174062000,서울시,강동구,천호3동
225,게임,툭툭,"65,100","1,158","1,041,600",300000,90.0,10.0,4.0,1.0,12.0,1.0,4.0,72.0,1168052100,서울시,강남구,논현1동
226,게임,저출메이플스토리,"63,300","12,687","1,012,800",300000,65.0,35.0,35.0,0.0,7.0,35.0,0.0,22.0,1141064000,서울시,서대문구,홍제3동
227,게임,StimboyGames겜팀보이,"61,500",187,"984,000",300000,39.0,61.0,0.0,87.0,7.0,5.0,0.0,0.0,1120055000,서울시,성동구,사근동
228,게임,Yoorop,"59,500","100,921","952,000",300000,32.0,68.0,71.0,0.0,9.0,19.0,0.0,0.0,1162074500,서울시,관악구,삼성동
229,IT · 전자기기,DRGN LAKE STUDIO,"144,000","7,026","3,456,000",600000,88.0,12.0,4.0,6.0,2.0,9.0,72.0,6.0,1114065000,서울시,중구,신당5동
230,IT · 전자기기,오빠두엑셀 l 엑셀 강의 대표채널,"109,000","5,322","2,616,000",600000,68.0,32.0,1.0,56.0,12.0,6.0,0.0,24.0,1135058000,서울시,노원구,월계3동
231,IT · 전자기기,CNET KOREA,"90,000","6,325","2,160,000",600000,55.0,45.0,11.0,18.0,43.0,0.0,15.0,11.0,1171060000,서울시,송파구,석촌동
232,IT · 전자기기,Route 9 루트나인,"72,800","15,170","1,747,200",600000,68.0,32.0,26.0,40.0,27.0,4.0,0.0,2.0,1130564500,서울시,강북구,우이동
233,IT · 전자기기,롤스토리디자인연구소,"50,700","8,902","1,216,800",600000,61.0,39.0,3.0,2.0,2.0,10.0,61.0,20.0,1174062000,서울시,강동구,천호3동
234,IT · 전자기기,김왼손의 왼손코딩,"42,200","4,977","1,012,800",600000,70.0,30.0,92.0,1.0,1.0,2.0,0.0,3.0,1130557500,서울시,강북구,삼각산동
235,IT · 전자기기,ITSystem,"36,000","4,837","864,000",600000,45.0,55.0,0.0,0.0,1.0,73.0,2.0,20.0,1138062500,서울시,은평구,역촌동
236,IT · 전자기기,영태형,"30,600","4,639","734,400",600000,92.0,8.0,34.0,43.0,1.0,6.0,2.0,13.0,1147064000,서울시,양천구,신정3동
237,IT · 전자기기,햇살 Haessal,"26,700","2,486","640,800",600000,42.0,58.0,1.0,0.0,0.0,2.0,0.0,96.0,1120072000,서울시,성동구,송정동
238,IT · 전자기기,의학채널 근알의,"25,200","16,721","604,800",600000,74.0,26.0,0.0,4.0,1.0,20.0,0.0,74.0,1168072000,서울시,강남구,일원본동
239,IT · 전자기기,데르센,"22,800","3,993","547,200",600000,64.0,36.0,16.0,0.0,2.0,55.0,10.0,14.0,1159055000,서울시,동작구,상도3동
240,IT · 전자기기,hogual,"20,100",860,"482,400",600000,54.0,46.0,41.0,17.0,18.0,0.0,9.0,11.0,1171057000,서울시,송파구,오금동
241,IT · 전자기기,AnalogMe아날로그미,"17,700","6,862","424,800",600000,1.0,99.0,5.0,5.0,41.0,22.0,26.0,0.0,1174069000,서울시,강동구,둔촌1동
242,IT · 전자기기,풍수TV,"15,900","2,764","381,600",600000,18.0,82.0,4.0,95.0,0.0,0.0,0.0,0.0,1144073000,서울시,마포구,성산2동
243,IT · 전자기기,GS칼텍스 I am your Energy,"14,100","1,245","338,400",600000,41.0,59.0,41.0,37.0,1.0,0.0,15.0,5.0,1168054500,서울시,강남구,압구정동
244,IT · 전자기기,ElectoTube,"13,000","6,393","312,000",600000,29.0,71.0,48.0,18.0,28.0,2.0,0.0,3.0,1174052000,서울시,강동구,상일동
245,IT · 전자기기,나디연세외과Nadiclinic,"10,700","12,374","256,800",600000,50.0,50.0,0.0,0.0,0.0,82.0,0.0,17.0,1111054000,서울시,종로구,삼청동
246,IT · 전자기기,Amazon Web Services Korea,"9,840","2,068","236,160",600000,23.0,77.0,9.0,25.0,30.0,3.0,31.0,0.0,1132051400,서울시,도봉구,창4동
247,IT · 전자기기,헬스데이뉴스,"8,750","3,123","210,000",600000,21.0,79.0,0.0,0.0,71.0,17.0,0.0,11.0,1135056000,서울시,노원구,월계1동
248,IT · 전자기기,Doosan,"8,140",235,"195,360",600000,87.0,13.0,4.0,54.0,41.0,0.0,0.0,0.0,1117062500,서울시,용산구,한강로동
249,IT · 전자기기,김형백의 IT 월드,"7,520",116,"180,480",600000,34.0,66.0,15.0,0.0,8.0,3.0,6.0,67.0,1150064100,서울시,강서구,방화3동
250,IT · 전자기기,Microsoft Korea,"7,010",373,"168,240",600000,64.0,36.0,5.0,65.0,17.0,0.0,9.0,2.0,1162069500,서울시,관악구,신림동
251,IT · 전자기기,조영문,"6,520",138,"156,480",600000,53.0,47.0,6.0,13.0,2.0,73.0,2.0,2.0,1165054000,서울시,서초구,잠원동
252,IT · 전자기기,쫄지말고 투자하라,"5,900",197,"141,600",600000,73.0,27.0,4.0,43.0,10.0,4.0,1.0,31.0,1111069000,서울시,종로구,창신3동
253,IT · 전자기기,Chanwoo Timothy Lee,"5,480",132,"131,520",600000,58.0,42.0,20.0,43.0,23.0,0.0,5.0,7.0,1162076500,서울시,관악구,미성동
254,IT · 전자기기,펀팩,"4,770",852,"114,480",600000,17.0,83.0,0.0,0.0,28.0,3.0,68.0,0.0,1174069000,서울시,강동구,둔촌1동
255,IT · 전자기기,토리의 테크일상,"4,500",471,"108,000",600000,33.0,67.0,0.0,0.0,0.0,0.0,99.0,0.0,1153054000,서울시,구로구,구로3동
256,IT · 전자기기,HealthBreeze헬스브리즈,"4,300","2,306","103,200",600000,4.0,96.0,6.0,2.0,2.0,1.0,83.0,1.0,1174062000,서울시,강동구,천호3동
257,IT · 전자기기,"알려줌 지식, 알지 ALZi","3,920",111,"94,080",600000,28.0,72.0,20.0,54.0,3.0,18.0,2.0,2.0,1168075000,서울시,강남구,수서동
258,IT · 전자기기,with브라더,"3,500","1,966","84,000",600000,41.0,59.0,0.0,0.0,0.0,88.0,10.0,1.0,1138069000,서울시,은평구,진관동
259,IT · 전자기기,Unicity Korea,"3,240",640,"77,760",600000,39.0,61.0,0.0,11.0,84.0,0.0,4.0,0.0,1120065000,서울시,성동구,성수1가1동
260,IT · 전자기기,TV잡초,"2,940",0,"70,560",600000,85.0,15.0,47.0,0.0,12.0,20.0,20.0,0.0,1174058000,서울시,강동구,암사2동
261,IT · 전자기기,빅튜브 - 참 쉬운 TECH 리뷰,"2,860","2,123","68,640",600000,46.0,54.0,62.0,0.0,29.0,3.0,2.0,2.0,1111067000,서울시,종로구,창신1동
262,IT · 전자기기,itechcom,"2,660",967,"63,840",600000,59.0,41.0,0.0,2.0,30.0,16.0,44.0,4.0,1174060000,서울시,강동구,천호1동
263,IT · 전자기기,시뮬리즘,"2,550",572,"61,200",600000,77.0,23.0,36.0,43.0,0.0,1.0,0.0,19.0,1126060000,서울시,중랑구,중화1동
264,IT · 전자기기,KTshop,"2,400",806,"57,600",600000,5.0,95.0,11.0,76.0,1.0,4.0,0.0,7.0,1123070500,서울시,동대문구,청량리동
265,IT · 전자기기,"보면 볼수록 똑똑해지는 스튜디오, 보똑스","2,250","1,081","54,000",600000,48.0,52.0,0.0,71.0,0.0,1.0,5.0,22.0,1159068000,서울시,동작구,신대방2동
266,IT · 전자기기,Grigom,"2,140",81,"51,360",600000,18.0,82.0,0.0,0.0,3.0,1.0,95.0,0.0,1141056500,서울시,서대문구,충현동
267,IT · 전자기기,SH신흥공업사,"1,980","2,494","47,520",600000,27.0,73.0,0.0,8.0,10.0,1.0,75.0,5.0,1129062000,서울시,성북구,정릉4동
268,IT · 전자기기,alldepot,"1,860",87,"44,640",600000,24.0,76.0,0.0,2.0,5.0,4.0,58.0,30.0,1132051200,서울시,도봉구,창2동
269,IT · 전자기기,O Elton,"1,790",21,"42,960",600000,68.0,32.0,4.0,0.0,43.0,13.0,5.0,33.0,1156061000,서울시,영등포구,양평1동
270,IT · 전자기기,청년의사,"1,620",39,"38,880",600000,32.0,68.0,0.0,2.0,13.0,20.0,43.0,21.0,1156065000,서울시,영등포구,신길3동
271,IT · 전자기기,대니얼의 테크실험실,"1,540",740,"36,960",600000,34.0,66.0,0.0,0.0,96.0,1.0,0.0,2.0,1117064000,서울시,용산구,이촌2동
272,IT · 전자기기,OneQ,"1,480",40,"35,520",600000,45.0,55.0,3.0,2.0,3.0,45.0,42.0,4.0,1141052000,서울시,서대문구,천연동
273,IT · 전자기기,cgaega1,"1,370","1,721","32,880",600000,32.0,68.0,6.0,34.0,15.0,2.0,40.0,2.0,1126057500,서울시,중랑구,면목3.8동
274,IT · 전자기기,송우섭,"1,230",81,"29,520",600000,76.0,24.0,0.0,0.0,13.0,11.0,75.0,0.0,1153078000,서울시,구로구,오류2동
275,음악 · 춤,GOT7,"4,320,000","218,019","69,120,000",200000,87.0,13.0,4.0,26.0,1.0,2.0,38.0,28.0,1138057000,서울시,은평구,대조동
276,음악 · 춤,TV-People,"2,330,000","1,157,348","37,280,000",200000,73.0,27.0,29.0,5.0,7.0,1.0,57.0,0.0,1114064500,서울시,중구,청구동
277,음악 · 춤,ITZY,"1,770,000","203,472","28,320,000",200000,38.0,62.0,5.0,3.0,90.0,1.0,0.0,0.0,1159064000,서울시,동작구,사당3동
278,음악 · 춤,버블디아,"1,330,000","183,667","21,280,000",200000,35.0,65.0,0.0,0.0,1.0,2.0,1.0,95.0,1141066000,서울시,서대문구,홍은2동
279,음악 · 춤,NU'EST,"1,140,000","276,819","18,240,000",200000,84.0,16.0,55.0,3.0,16.0,20.0,5.0,0.0,1120066000,서울시,성동구,성수1가2동
280,음악 · 춤,SHINee,"1,000,000",684,"16,000,000",200000,2.0,98.0,0.0,10.0,0.0,54.0,32.0,3.0,1165062100,서울시,서초구,방배4동
281,음악 · 춤,2pm,"860,000","44,979","13,760,000",200000,45.0,55.0,7.0,86.0,5.0,0.0,1.0,0.0,1165060000,서울시,서초구,방배1동
282,음악 · 춤,Jenny Yun,"800,000","44,898","12,800,000",200000,63.0,37.0,1.0,20.0,0.0,25.0,7.0,46.0,1130555500,서울시,강북구,송천동
283,음악 · 춤,Rock Music,"705,000","270,666","11,280,000",200000,94.0,6.0,24.0,14.0,2.0,2.0,13.0,39.0,1154571000,서울시,금천구,시흥5동
284,음악 · 춤,GIRL'S DAY,"622,000","68,780","9,952,000",200000,61.0,39.0,2.0,5.0,4.0,9.0,66.0,0.0,1154551000,서울시,금천구,가산동
285,음악 · 춤,z a m,"576,000","245,807","9,216,000",200000,79.0,21.0,5.0,7.0,24.0,61.0,0.0,0.0,1165059000,서울시,서초구,방배본동
286,음악 · 춤,MOVE Dance Studio 무브댄스학원,"519,000","160,218","8,304,000",200000,44.0,56.0,0.0,2.0,63.0,4.0,23.0,5.0,1132068000,서울시,도봉구,쌍문3동
287,음악 · 춤,Bigman beatbox,"481,000","24,719","7,696,000",200000,57.0,43.0,17.0,0.0,7.0,7.0,4.0,54.0,1120079000,서울시,성동구,용답동
288,음악 · 춤,FNCEnt,"448,000","262,939","7,168,000",200000,35.0,65.0,10.0,0.0,6.0,78.0,0.0,1.0,1132067000,서울시,도봉구,쌍문2동
289,음악 · 춤,하비 Havy,"400,000","152,422","6,400,000",200000,67.0,33.0,19.0,0.0,6.0,67.0,4.0,2.0,1147060000,서울시,양천구,신월5동
290,음악 · 춤,ECLIPSE,"365,000","55,365","5,840,000",200000,55.0,45.0,2.0,14.0,1.0,81.0,0.0,1.0,1129063000,서울시,성북구,정릉4동
291,음악 · 춤,THE J DANCE,"328,000","62,685","5,248,000",200000,84.0,16.0,23.0,40.0,28.0,0.0,8.0,0.0,1154570000,서울시,금천구,시흥5동
292,음악 · 춤,PianoplayerElijah,"308,000","17,882","4,928,000",200000,19.0,81.0,4.0,16.0,0.0,0.0,0.0,79.0,1162073500,서울시,관악구,대학동
293,음악 · 춤,GROOVYROOM,"277,000","13,078","4,432,000",200000,33.0,67.0,4.0,0.0,5.0,90.0,0.0,0.0,1111061500,서울시,종로구,종로1.2.3.4가동
294,음악 · 춤,Beecompany비컴퍼니,"267,000","327,367","4,272,000",200000,72.0,28.0,18.0,0.0,21.0,60.0,0.0,0.0,1162057500,서울시,관악구,행운동
295,음악 · 춤,권인하KWON INHA,"242,000","21,656","3,872,000",200000,93.0,7.0,0.0,3.0,13.0,9.0,74.0,0.0,1159053000,서울시,동작구,상도1동
296,음악 · 춤,QBIC,"224,000","15,209","3,584,000",200000,2.0,98.0,16.0,1.0,0.0,1.0,81.0,0.0,1111068000,서울시,종로구,창신2동
297,음악 · 춤,[#vbexit] VoiceBand EXIT,"210,000","79,497","3,360,000",200000,46.0,54.0,33.0,13.0,32.0,4.0,14.0,3.0,1144071000,서울시,마포구,연남동
298,음악 · 춤,Skpb K-Music Live [Banned],"196,000","9,298","3,136,000",200000,77.0,23.0,6.0,59.0,1.0,5.0,18.0,0.0,1165055000,서울시,서초구,반포본동
299,음악 · 춤,LADIES CODE,"188,000","7,191","3,008,000",200000,69.0,31.0,20.0,30.0,11.0,9.0,2.0,21.0,1121571000,서울시,광진구,화양동
300,음악 · 춤,노래하는 민이,"172,000","5,471","2,752,000",200000,65.0,35.0,37.0,1.0,0.0,3.0,18.0,39.0,1121586000,서울시,광진구,구의3동
301,음악 · 춤,문스윙스의갤러리,"166,000","10,377","2,656,000",200000,85.0,15.0,0.0,0.0,41.0,52.0,0.0,6.0,1156072000,서울시,영등포구,대림3동
302,음악 · 춤,뽀현욱TV,"161,000","12,042","2,576,000",200000,35.0,65.0,0.0,0.0,99.0,0.0,0.0,0.0,1129060000,서울시,성북구,안암동
303,음악 · 춤,쩐MIGYO,"154,000","5,685","2,464,000",200000,38.0,62.0,1.0,0.0,0.0,98.0,0.0,0.0,1168059000,서울시,강남구,삼성2동
304,음악 · 춤,I DARE U JK,"145,000","78,082","2,320,000",200000,35.0,65.0,0.0,12.0,49.0,2.0,9.0,27.0,1162066500,서울시,관악구,서림동
305,음악 · 춤,정유빈,"141,000","5,159","2,256,000",200000,28.0,72.0,0.0,0.0,1.0,71.0,0.0,27.0,1156054000,서울시,영등포구,여의동
306,음악 · 춤,김미정yourbeagle,"135,000","5,071","2,160,000",200000,51.0,49.0,2.0,53.0,23.0,7.0,14.0,0.0,1162061500,서울시,관악구,중앙동
307,음악 · 춤,BB배짱이 BB_BAE,"128,000","17,693","2,048,000",200000,30.0,70.0,17.0,42.0,0.0,1.0,4.0,35.0,1120065000,서울시,성동구,성수1가1동
308,음악 · 춤,southkoreanfolksongs,"124,000","163,524","1,984,000",200000,56.0,44.0,10.0,11.0,1.0,0.0,75.0,0.0,1150059000,서울시,강서구,화곡본동
309,음악 · 춤,공원소녀 GWSN OFFICIAL,"121,000","9,419","1,936,000",200000,32.0,68.0,10.0,54.0,3.0,4.0,0.0,28.0,1150063000,서울시,강서구,방화1동
310,음악 · 춤,Chris Koo,"118,000",769,"1,888,000",200000,6.0,94.0,17.0,69.0,7.0,1.0,0.0,4.0,1123066000,서울시,동대문구,장안2동
311,음악 · 춤,이라희라이브TV,"113,000","138,156","1,808,000",200000,17.0,83.0,5.0,12.0,9.0,14.0,41.0,2.0,1153051000,서울시,구로구,신도림동
312,음악 · 춤,OFFICIAL LABOUM,"107,000","7,779","1,712,000",200000,81.0,19.0,1.0,29.0,1.0,58.0,2.0,8.0,1114052000,서울시,중구,소공동
313,음악 · 춤,HEY GIRLS,"103,000",561,"1,648,000",200000,39.0,61.0,31.0,11.0,0.0,0.0,55.0,2.0,1171057000,서울시,송파구,오금동
314,음악 · 춤,출구없태연,"98,400","21,840","1,574,400",200000,6.0,94.0,21.0,35.0,1.0,0.0,41.0,0.0,1121585000,서울시,광진구,구의1동
315,음악 · 춤,sake L,"96,400","23,795","1,542,400",200000,52.0,48.0,0.0,7.0,72.0,5.0,15.0,0.0,1150053500,서울시,강서구,등촌3동
316,음악 · 춤,adore,"94,000","80,855","1,504,000",200000,73.0,27.0,3.0,0.0,5.0,3.0,14.0,74.0,1135062100,서울시,노원구,중계1동
317,음악 · 춤,정했다일기석,"91,000","28,293","1,456,000",200000,85.0,15.0,0.0,1.0,0.0,52.0,0.0,46.0,1117068500,서울시,용산구,한남동
318,음악 · 춤,Pianist JayM,"89,200","6,813","1,427,200",200000,23.0,77.0,6.0,55.0,0.0,0.0,27.0,11.0,1150059000,서울시,강서구,화곡본동
319,음악 · 춤,CLAB REACT,"86,200","-269,027","1,379,200",200000,76.0,24.0,11.0,0.0,0.0,52.0,35.0,1.0,1162074500,서울시,관악구,삼성동
320,음악 · 춤,캐릭터 만드는 남자의 비밀노트,"84,200",884,"1,347,200",200000,20.0,80.0,0.0,31.0,6.0,0.0,0.0,62.0,1156055000,서울시,영등포구,당산1동
321,음악 · 춤,투포케이24K,"82,400","1,238","1,318,400",200000,30.0,70.0,4.0,0.0,1.0,0.0,89.0,5.0,1121583000,서울시,광진구,자양2동
322,음악 · 춤,Hopeyes호프아이스,"80,000","2,378","1,280,000",200000,64.0,36.0,0.0,25.0,1.0,48.0,25.0,0.0,1130561000,서울시,강북구,수유1동
323,음악 · 춤,송사비,"77,300","28,283","1,236,800",200000,96.0,4.0,58.0,0.0,0.0,0.0,40.0,1.0,1144058500,서울시,마포구,도화동
324,음악 · 춤,Planetarium Records,"76,000","12,892","1,216,000",200000,8.0,92.0,0.0,19.0,0.0,0.0,58.0,18.0,1121576000,서울시,광진구,중곡3동
325,음악 · 춤,HAK ENTER,"74,000","41,972","1,184,000",200000,99.0,1.0,10.0,1.0,15.0,4.0,2.0,67.0,1147056000,서울시,양천구,신월1동
326,음악 · 춤,힙합가이,"72,300","11,192","1,156,800",200000,94.0,6.0,1.0,55.0,1.0,5.0,2.0,35.0,1147058000,서울시,양천구,신월3동
327,음악 · 춤,서리 [Seori Official],"70,300","5,653","1,124,800",200000,30.0,70.0,12.0,0.0,26.0,3.0,0.0,53.0,1156068000,서울시,영등포구,신길6동
328,음악 · 춤,GRASS흥얼거려쓰,"69,200","15,286","1,107,200",200000,33.0,67.0,0.0,0.0,6.0,4.0,89.0,0.0,1111057000,서울시,종로구,무악동
329,요리 · 베이킹,Muggo,"342,000","158,392","5,472,000",100000,49.0,51.0,0.0,94.0,2.0,0.0,3.0,0.0,1130555500,서울시,강북구,송천동
330,요리 · 베이킹,우미스베이킹Umi's baking,"291,000","72,483","4,656,000",100000,93.0,7.0,1.0,1.0,0.0,81.0,0.0,10.0,1132051400,서울시,도봉구,창4동
331,요리 · 베이킹,yoloria욜로리아,"189,000","35,375","3,024,000",100000,50.0,50.0,9.0,6.0,64.0,3.0,4.0,3.0,1171064100,서울시,송파구,문정1동
332,요리 · 베이킹,y. na__ homecafe,"141,000","11,289","2,256,000",100000,27.0,73.0,0.0,1.0,3.0,1.0,72.0,22.0,1165065200,서울시,서초구,양재2동
333,요리 · 베이킹,민경장군,"111,000","6,246","1,776,000",100000,76.0,24.0,69.0,3.0,5.0,0.0,8.0,14.0,1154567000,서울시,금천구,시흥5동
334,요리 · 베이킹,조꽁드Joconde's baking,"87,600","15,970","1,401,600",100000,89.0,11.0,3.0,4.0,5.0,8.0,0.0,79.0,1138069000,서울시,은평구,진관동
335,요리 · 베이킹,상남자1,"76,800","63,767","1,228,800",100000,9.0,91.0,0.0,1.0,2.0,23.0,62.0,6.0,1141072000,서울시,서대문구,북가좌2동
336,요리 · 베이킹,브리첼 brechel,"67,700","7,862","1,083,200",100000,4.0,96.0,26.0,0.0,2.0,0.0,70.0,1.0,1154571000,서울시,금천구,시흥5동
337,요리 · 베이킹,SANG WOO KIM,"55,300","4,277","884,800",100000,31.0,69.0,4.0,0.0,5.0,16.0,74.0,0.0,1129061000,서울시,성북구,보문동
338,요리 · 베이킹,차가운공구리,"46,200","137,325","739,200",100000,3.0,97.0,2.0,18.0,0.0,0.0,30.0,48.0,1130560600,서울시,강북구,번3동
339,요리 · 베이킹,달동산마카롱,"41,400",292,"662,400",100000,71.0,29.0,29.0,47.0,0.0,6.0,7.0,7.0,1144071000,서울시,마포구,연남동
340,요리 · 베이킹,달밤DALBAM,"34,700",669,"555,200",100000,62.0,38.0,0.0,0.0,0.0,99.0,0.0,0.0,1162060500,서울시,관악구,은천동
341,요리 · 베이킹,노루키친 Noru Kitchen,"29,900",391,"478,400",100000,21.0,79.0,2.0,0.0,64.0,33.0,0.0,0.0,1121584700,서울시,광진구,자양4동
342,요리 · 베이킹,파파식당,"25,100","1,398","401,600",100000,52.0,48.0,18.0,38.0,20.0,4.0,0.0,2.0,1162063000,서울시,관악구,남현동
343,요리 · 베이킹,맘 요리 Mom Cook,"22,000",368,"352,000",100000,5.0,95.0,0.0,0.0,96.0,2.0,0.0,1.0,1117070000,서울시,용산구,보광동
344,요리 · 베이킹,채홍인,"18,100",636,"289,600",100000,73.0,27.0,9.0,81.0,1.0,0.0,1.0,7.0,1141058500,서울시,서대문구,신촌동
345,스포츠 · 건강,DeSLun맨몸운동 데스런,"267,000","22,995","4,272,000",300000,85.0,15.0,4.0,0.0,37.0,3.0,2.0,53.0,1174056000,서울시,강동구,고덕2동
346,스포츠 · 건강,startjsy,"223,000","155,235","3,568,000",300000,13.0,87.0,1.0,35.0,15.0,33.0,1.0,13.0,1138063200,서울시,은평구,신사2동
347,스포츠 · 건강,이스타TV,"196,000","235,636","3,136,000",300000,89.0,11.0,0.0,0.0,3.0,0.0,0.0,96.0,1138062500,서울시,은평구,역촌동
348,스포츠 · 건강,RYUNIVIA,"145,000","1,524","2,320,000",300000,93.0,7.0,5.0,8.0,12.0,14.0,57.0,3.0,1165066000,서울시,서초구,내곡동
349,스포츠 · 건강,뽈인러브,"122,000","64,734","1,952,000",300000,54.0,46.0,0.0,18.0,0.0,80.0,1.0,0.0,1162074500,서울시,관악구,삼성동
350,스포츠 · 건강,kimbbomami 김뽀마미,"112,000","11,625","1,792,000",300000,46.0,54.0,22.0,17.0,39.0,15.0,1.0,2.0,1150061100,서울시,강서구,발산1동
351,스포츠 · 건강,팔씨름달인 홍지승,"103,000","65,925","1,648,000",300000,29.0,71.0,0.0,95.0,0.0,0.0,0.0,4.0,1150059300,서울시,강서구,화곡8동
352,스포츠 · 건강,갊의 메루치 양식장_체중증량TV,"94,900","8,083","1,518,400",300000,5.0,95.0,35.0,5.0,0.0,2.0,2.0,55.0,1138051000,서울시,은평구,녹번동
353,스포츠 · 건강,온도니의 먹고&운동하고,"87,600","11,899","1,401,600",300000,82.0,18.0,1.0,0.0,29.0,66.0,2.0,0.0,1150057000,서울시,강서구,화곡4동
354,스포츠 · 건강,당구강좌 4구 & 3쿠션,"80,200","45,397","1,283,200",300000,54.0,46.0,0.0,0.0,60.0,25.0,0.0,14.0,1129066000,서울시,성북구,길음1동
355,스포츠 · 건강,SHC,"78,200","17,606","1,251,200",300000,57.0,43.0,3.0,0.0,25.0,49.0,3.0,19.0,1171064200,서울시,송파구,위례동
356,스포츠 · 건강,럽볼LoveBall,"72,100","52,042","1,153,600",300000,39.0,61.0,25.0,0.0,68.0,3.0,0.0,3.0,1132051500,서울시,도봉구,창5동
357,스포츠 · 건강,박명환야구TV,"64,700","42,529","1,035,200",300000,29.0,71.0,49.0,2.0,27.0,4.0,14.0,0.0,1138055100,서울시,은평구,갈현1동
358,스포츠 · 건강,이준호,"60,700","1,914","971,200",300000,45.0,55.0,10.0,4.0,68.0,0.0,16.0,0.0,1138065000,서울시,은평구,수색동
359,스포츠 · 건강,도수치료 모션힐 바디워크,"56,100",259,"897,600",300000,77.0,23.0,0.0,42.0,1.0,0.0,4.0,51.0,1120067000,서울시,성동구,성수2가1동
360,스포츠 · 건강,복싱뻔치,"52,500","17,067","840,000",300000,70.0,30.0,10.0,14.0,6.0,58.0,8.0,3.0,1156071000,서울시,영등포구,대림2동
361,스포츠 · 건강,유챌유라,"51,000","2,488","816,000",300000,88.0,12.0,31.0,24.0,6.0,25.0,9.0,0.0,1129078000,서울시,성북구,장위3동
362,스포츠 · 건강,KoreanTarzan한국타잔,"47,300","4,486","756,800",300000,65.0,35.0,7.0,0.0,0.0,24.0,0.0,68.0,1117058000,서울시,용산구,효창동
363,스포츠 · 건강,jay JOAH,"44,800","68,082","716,800",300000,32.0,68.0,8.0,32.0,45.0,0.0,5.0,9.0,1120072000,서울시,성동구,송정동
364,스포츠 · 건강,GOAL TV,"41,600","14,011","665,600",300000,34.0,66.0,13.0,3.0,0.0,26.0,43.0,11.0,1121571000,서울시,광진구,화양동
365,스포츠 · 건강,Fromdew,"38,200","19,960","611,200",300000,90.0,10.0,0.0,1.0,0.0,9.0,86.0,3.0,1171058000,서울시,송파구,송파1동
366,스포츠 · 건강,와이드스포츠,"36,700","48,387","587,200",300000,30.0,70.0,12.0,4.0,1.0,50.0,32.0,0.0,1162060500,서울시,관악구,은천동
367,스포츠 · 건강,아라누나TV,"35,600","25,827","569,600",300000,82.0,18.0,47.0,1.0,1.0,0.0,5.0,45.0,1129061000,서울시,성북구,보문동
368,스포츠 · 건강,Home Class.민필라,"33,500","7,635","536,000",300000,16.0,84.0,0.0,2.0,36.0,0.0,61.0,0.0,1129060000,서울시,성북구,안암동
369,스포츠 · 건강,당구득점샷BilliardsScoringShot,"31,900","19,383","510,400",300000,67.0,33.0,0.0,2.0,0.0,11.0,85.0,1.0,1129060000,서울시,성북구,안암동
370,스포츠 · 건강,O’WON오원,"31,000","33,274","496,000",300000,11.0,89.0,0.0,91.0,7.0,0.0,0.0,1.0,1129072500,서울시,성북구,월곡2동
371,스포츠 · 건강,P4P Korean,"29,500",316,"472,000",300000,97.0,3.0,5.0,42.0,8.0,1.0,2.0,40.0,1154569000,서울시,금천구,시흥5동
372,스포츠 · 건강,와이제이요요YJYOYO,"27,900","4,179","446,400",300000,22.0,78.0,36.0,16.0,6.0,33.0,3.0,0.0,1147058000,서울시,양천구,신월3동
373,스포츠 · 건강,하늘건강법,"27,000","3,766","432,000",300000,39.0,61.0,77.0,3.0,9.0,8.0,0.0,2.0,1165062100,서울시,서초구,방배4동
374,스포츠 · 건강,근섬근왕,"25,900","76,878","414,400",300000,48.0,52.0,7.0,30.0,36.0,20.0,4.0,1.0,1168065600,서울시,강남구,도곡2동
375,스포츠 · 건강,MEDIHEAL PILATES메디힐필라테스,"24,700","3,477","395,200",300000,61.0,39.0,4.0,37.0,1.0,53.0,0.0,4.0,1153054000,서울시,구로구,구로3동
376,스포츠 · 건강,SILVIS,"23,400","7,719","374,400",300000,32.0,68.0,3.0,10.0,1.0,79.0,6.0,0.0,1138055100,서울시,은평구,갈현1동
377,스포츠 · 건강,Cat Puppy,"22,900","6,426","366,400",300000,12.0,88.0,3.0,0.0,90.0,0.0,6.0,0.0,1144066000,서울시,마포구,서교동
378,스포츠 · 건강,핫브레드 Football TV,"21,700","2,313","347,200",300000,50.0,50.0,3.0,43.0,38.0,11.0,0.0,3.0,1132051500,서울시,도봉구,창5동
379,스포츠 · 건강,비법전수[당구 볼링 탁구 수영 테니스],"20,800","4,615","332,800",300000,43.0,57.0,38.0,14.0,9.0,27.0,4.0,2.0,1111070000,서울시,종로구,숭인1동
380,스포츠 · 건강,소캐TV,"20,400",227,"326,400",300000,99.0,1.0,0.0,31.0,9.0,56.0,0.0,3.0,1111065000,서울시,종로구,혜화동
381,스포츠 · 건강,박대성프로,"19,600","3,875","313,600",300000,66.0,34.0,0.0,62.0,30.0,3.0,2.0,0.0,1114067000,서울시,중구,황학동
382,스포츠 · 건강,Trendy Boxing TV,"18,400",804,"294,400",300000,89.0,11.0,3.0,15.0,0.0,7.0,6.0,66.0,1144060000,서울시,마포구,대흥동
383,스포츠 · 건강,Football Video Interester,"17,600",102,"281,600",300000,92.0,8.0,3.0,90.0,1.0,3.0,1.0,1.0,1123071000,서울시,동대문구,회기동
384,스포츠 · 건강,Knowledge & Bowling,"16,900","6,742","270,400",300000,46.0,54.0,0.0,18.0,0.0,81.0,0.0,0.0,1168052100,서울시,강남구,논현1동
385,스포츠 · 건강,골프클럽H,"16,500","7,422","264,000",300000,80.0,20.0,12.0,2.0,52.0,15.0,17.0,1.0,1171057000,서울시,송파구,오금동
386,스포츠 · 건강,NGU,"16,000",324,"256,000",300000,69.0,31.0,2.0,15.0,11.0,12.0,0.0,59.0,1153076000,서울시,구로구,개봉3동
387,스포츠 · 건강,축구용품의모든것,"15,500","4,905","248,000",300000,52.0,48.0,12.0,62.0,0.0,0.0,25.0,0.0,1174061000,서울시,강동구,천호2동
388,스포츠 · 건강,깨백올파(Positive Impact Golf)즐거운골프,"14,900","25,008","238,400",300000,94.0,6.0,1.0,13.0,60.0,14.0,0.0,11.0,1156056000,서울시,영등포구,당산2동
389,스포츠 · 건강,주아유,"14,700",637,"235,200",300000,72.0,28.0,51.0,3.0,4.0,23.0,9.0,8.0,1171063100,서울시,송파구,가락1동
390,스포츠 · 건강,광순언니TV,"14,000","1,676","224,000",300000,98.0,2.0,8.0,0.0,78.0,9.0,0.0,3.0,1168063000,서울시,강남구,대치4동
391,스포츠 · 건강,그레이시 주짓수 서울 - 한국 본사,"13,300","2,784","212,800",300000,35.0,65.0,0.0,86.0,0.0,9.0,0.0,4.0,1138052000,서울시,은평구,불광1동
392,스포츠 · 건강,송단프로 골프채널,"12,800","6,845","204,800",300000,74.0,26.0,87.0,0.0,2.0,8.0,2.0,0.0,1111070000,서울시,종로구,숭인1동
393,스포츠 · 건강,Chang Su KIM,"12,100",634,"193,600",300000,67.0,33.0,0.0,2.0,13.0,3.0,78.0,3.0,1156071000,서울시,영등포구,대림2동
394,스포츠 · 건강,초보당구레슨,"11,500","1,879","184,000",300000,22.0,78.0,28.0,27.0,7.0,0.0,36.0,1.0,1114062500,서울시,중구,다산동
395,스포츠 · 건강,DA7 축구드리블아카데미,"10,900",906,"174,400",300000,74.0,26.0,1.0,72.0,0.0,4.0,11.0,4.0,1153077000,서울시,구로구,오류1동
396,스포츠 · 건강,JewelskatersCross,"10,300","4,691","164,800",300000,68.0,32.0,0.0,0.0,27.0,0.0,4.0,68.0,1120056000,서울시,성동구,행당1동
397,스포츠 · 건강,원코치,"10,000","1,258","160,000",300000,20.0,80.0,0.0,17.0,65.0,2.0,14.0,0.0,1144074000,서울시,마포구,상암동
398,스포츠 · 건강,빅보이,"9,540","11,959","152,640",300000,54.0,46.0,19.0,0.0,42.0,28.0,0.0,8.0,1159060500,서울시,동작구,흑석동
399,영화 · 애니,홍시네마,"455,000","215,782","7,280,000",300000,33.0,67.0,25.0,1.0,12.0,0.0,0.0,60.0,1138057000,서울시,은평구,대조동
400,영화 · 애니,NATAE 나태,"308,000","128,274","4,928,000",300000,68.0,32.0,4.0,10.0,10.0,52.0,3.0,16.0,1141061500,서울시,서대문구,연희동
401,영화 · 애니,sanggung상궁,"228,000","132,528","3,648,000",300000,5.0,95.0,0.0,19.0,1.0,0.0,77.0,2.0,1135056000,서울시,노원구,월계1동
402,영화 · 애니,무비콘 애니,"201,000","54,243","3,216,000",300000,52.0,48.0,6.0,1.0,0.0,67.0,10.0,12.0,1144058500,서울시,마포구,도화동
403,영화 · 애니,애니원,"167,000","106,066","2,672,000",300000,15.0,85.0,15.0,10.0,5.0,1.0,0.0,66.0,1156072000,서울시,영등포구,대림3동
404,영화 · 애니,미들뻔,"138,000","21,883","2,208,000",300000,37.0,63.0,0.0,0.0,91.0,4.0,4.0,0.0,1147065000,서울시,양천구,신정4동
405,영화 · 애니,영민하다,"117,000","31,975","1,872,000",300000,55.0,45.0,1.0,1.0,49.0,1.0,46.0,0.0,1147055000,서울시,양천구,목5동
406,영화 · 애니,달콤살벌 영화이야기,"106,000","119,976","1,696,000",300000,15.0,85.0,9.0,13.0,2.0,2.0,70.0,0.0,1162076500,서울시,관악구,미성동
407,영화 · 애니,얄리의아재비디오,"89,500","15,071","1,432,000",300000,66.0,34.0,1.0,1.0,0.0,36.0,51.0,10.0,1117052000,서울시,용산구,용산2가동
408,영화 · 애니,Day7 Games,"80,200","1,092","1,283,200",300000,2.0,98.0,66.0,0.0,20.0,10.0,0.0,3.0,1121584700,서울시,광진구,자양4동
409,영화 · 애니,빗소리,"70,900","11,051","1,134,400",300000,79.0,21.0,6.0,75.0,0.0,17.0,0.0,0.0,1174068500,서울시,강동구,길동
410,영화 · 애니,팔라푸딩,"64,600","8,120","1,033,600",300000,46.0,54.0,1.0,36.0,56.0,1.0,3.0,0.0,1114068000,서울시,중구,중림동
411,영화 · 애니,한결 hangyul,"58,200",321,"931,200",300000,71.0,29.0,0.0,12.0,53.0,5.0,0.0,29.0,1111071000,서울시,종로구,숭인2동
412,영화 · 애니,태권사랑,"53,700","18,398","859,200",300000,47.0,53.0,9.0,64.0,0.0,8.0,8.0,9.0,1135061100,서울시,노원구,하계1동
413,영화 · 애니,YeonAnims kim,"49,100","20,430","785,600",300000,45.0,55.0,32.0,5.0,15.0,3.0,43.0,1.0,1153077000,서울시,구로구,오류1동
414,영화 · 애니,영화장수 루피형아 LuffyHyungA the Movie Vendor,"46,200","22,899","739,200",300000,62.0,38.0,2.0,63.0,8.0,5.0,6.0,7.0,1147059000,서울시,양천구,신월4동
415,영화 · 애니,펜로즈,"43,500","1,456","696,000",300000,42.0,58.0,26.0,5.0,4.0,15.0,40.0,3.0,1144058500,서울시,마포구,도화동
416,영화 · 애니,Korea Animation High School,"40,000","4,365","640,000",300000,43.0,57.0,0.0,0.0,39.0,45.0,2.0,13.0,1129055500,서울시,성북구,삼선동
417,영화 · 애니,뉴들,"36,400",275,"582,400",300000,4.0,96.0,1.0,74.0,0.0,0.0,4.0,20.0,1141055500,서울시,서대문구,북아현동
418,영화 · 애니,마리와곰,"34,700","3,621","555,200",300000,9.0,91.0,2.0,0.0,0.0,0.0,96.0,1.0,1121578000,서울시,광진구,능동
419,영화 · 애니,라크무비,"32,500","3,959","520,000",300000,3.0,97.0,7.0,16.0,0.0,18.0,58.0,0.0,1123071000,서울시,동대문구,회기동
420,영화 · 애니,신총이,"31,100",66,"497,600",300000,7.0,93.0,1.0,43.0,0.0,20.0,33.0,2.0,1130564500,서울시,강북구,우이동
421,영화 · 애니,DNA Project,"28,600","5,394","457,600",300000,81.0,19.0,6.0,1.0,8.0,48.0,34.0,1.0,1117066000,서울시,용산구,이태원2동
422,영화 · 애니,롯데엔터테인먼트,"26,800","24,830","428,800",300000,9.0,91.0,16.0,32.0,16.0,7.0,0.0,27.0,1162077500,서울시,관악구,난곡동
423,영화 · 애니,coanstudio,"25,000","1,898","400,000",300000,23.0,77.0,10.0,16.0,66.0,0.0,7.0,0.0,1121576000,서울시,광진구,중곡3동
424,영화 · 애니,킁킁이킁카킁카,"23,700","16,136","379,200",300000,84.0,16.0,0.0,3.0,8.0,3.0,20.0,65.0,1135066500,서울시,노원구,상계3.4동
425,영화 · 애니,애니메이션 한국 마루코는 아홉살,"22,100","34,156","353,600",300000,98.0,2.0,2.0,50.0,2.0,13.0,22.0,6.0,1132067000,서울시,도봉구,쌍문2동
426,영화 · 애니,sheela sensharma,"20,600",407,"329,600",300000,89.0,11.0,0.0,17.0,0.0,74.0,1.0,7.0,1135066500,서울시,노원구,상계3.4동
427,영화 · 애니,Perssie,"19,100","1,917","305,600",300000,85.0,15.0,19.0,0.0,12.0,0.0,16.0,50.0,1153056000,서울시,구로구,구로5동
428,영화 · 애니,Thurman Riesner,"17,900","14,885","286,400",300000,11.0,89.0,55.0,4.0,6.0,0.0,9.0,20.0,1130553500,서울시,강북구,미아동
429,영화 · 애니,Q story,"16,600","5,403","265,600",300000,27.0,73.0,2.0,2.0,0.0,0.0,15.0,79.0,1130561000,서울시,강북구,수유1동
430,영화 · 애니,유마,"15,800","3,469","252,800",300000,3.0,97.0,5.0,0.0,59.0,1.0,8.0,26.0,1129063000,서울시,성북구,정릉4동
431,영화 · 애니,애니more,"15,300","33,745","244,800",300000,90.0,10.0,99.0,0.0,0.0,0.0,0.0,0.0,1171069000,서울시,송파구,잠실4동
432,영화 · 애니,모리란,"14,400","1,550","230,400",300000,41.0,59.0,1.0,0.0,0.0,76.0,21.0,1.0,1154570000,서울시,금천구,시흥5동
433,영화 · 애니,강꾹꾹,"13,900","2,671","222,400",300000,65.0,35.0,0.0,15.0,4.0,11.0,8.0,41.0,1162058500,서울시,관악구,낙성대동
434,영화 · 애니,서브코드,"13,400",671,"214,400",300000,71.0,29.0,21.0,34.0,13.0,13.0,10.0,6.0,1132069000,서울시,도봉구,방학3동
435,영화 · 애니,주어니,"13,000","1,822","208,000",300000,40.0,60.0,0.0,96.0,0.0,3.0,0.0,0.0,1156065000,서울시,영등포구,신길3동
436,영화 · 애니,Shin SS13 Reborn,"12,600","4,642","201,600",300000,75.0,25.0,0.0,31.0,13.0,14.0,37.0,2.0,1156063000,서울시,영등포구,신길1동
437,영화 · 애니,마광,"12,100","14,875","193,600",300000,79.0,21.0,41.0,1.0,1.0,2.0,35.0,18.0,1147052000,서울시,양천구,목2동
438,영화 · 애니,skenergytv,"11,700",495,"187,200",300000,80.0,20.0,9.0,0.0,3.0,7.0,58.0,22.0,1153056000,서울시,구로구,구로5동
439,영화 · 애니,팀 콩듀,"11,200",614,"179,200",300000,24.0,76.0,6.0,0.0,48.0,10.0,0.0,32.0,1154569000,서울시,금천구,시흥5동
440,영화 · 애니,권사마,"10,800","18,493","172,800",300000,36.0,64.0,3.0,65.0,4.0,0.0,0.0,27.0,1154570000,서울시,금천구,시흥5동
441,영화 · 애니,없다백화지캔,"10,300",15,"164,800",300000,70.0,30.0,12.0,8.0,16.0,28.0,25.0,9.0,1141052000,서울시,서대문구,천연동
442,영화 · 애니,김진호님,"10,000",547,"160,000",300000,55.0,45.0,3.0,39.0,7.0,8.0,0.0,42.0,1144055500,서울시,마포구,아현동
443,영화 · 애니,2층의소음,"9,680",242,"154,880",300000,15.0,85.0,0.0,7.0,13.0,0.0,79.0,0.0,1138063200,서울시,은평구,신사2동
444,영화 · 애니,리뜌LIDDUE,"9,330",854,"149,280",300000,5.0,95.0,1.0,0.0,66.0,31.0,1.0,0.0,1171060000,서울시,송파구,석촌동
445,영화 · 애니,Busan International Short Film Festival,"9,070",338,"145,120",300000,89.0,11.0,6.0,12.0,20.0,56.0,1.0,4.0,1121581000,서울시,광진구,광장동
446,영화 · 애니,PICTO TV,"8,680","3,128","138,880",300000,3.0,97.0,64.0,0.0,23.0,0.0,12.0,0.0,1154561000,서울시,금천구,독산1동
447,영화 · 애니,토이스토리[toy],"8,250",3,"132,000",300000,50.0,50.0,22.0,0.0,0.0,52.0,21.0,3.0,1153059500,서울시,구로구,가리봉동
448,영화 · 애니,일개노른자,"8,110",525,"129,760",300000,11.0,89.0,22.0,9.0,7.0,28.0,1.0,28.0,1171064700,서울시,송파구,위례동
449,영화 · 애니,하림쌤Kids_Fi zone,"7,700","1,447","123,200",300000,8.0,92.0,56.0,6.0,11.0,12.0,1.0,11.0,1171051000,서울시,송파구,풍납1동
450,영화 · 애니,험비,"7,400","2,348","118,400",300000,16.0,84.0,6.0,29.0,0.0,2.0,0.0,62.0,1121577000,서울시,광진구,중곡4동
451,영화 · 애니,강시후,"7,240",571,"115,840",300000,18.0,82.0,8.0,25.0,60.0,1.0,2.0,2.0,1168054500,서울시,강남구,압구정동
452,영화 · 애니,cheerKyuLeader,"6,940",591,"111,040",300000,80.0,20.0,0.0,0.0,1.0,0.0,0.0,98.0,1126068000,서울시,중랑구,신내1동
453,자동차,노보스인더스트리 NOBOSSINDUSTRY,"110,000","83,789","1,760,000",400000,52.0,48.0,2.0,9.0,22.0,23.0,3.0,33.0,1123070500,서울시,동대문구,청량리동
454,자동차,안오준TV AhnojunTV,"81,400","16,192","1,302,400",400000,4.0,96.0,8.0,0.0,35.0,29.0,3.0,24.0,1162077500,서울시,관악구,난곡동
455,자동차,오토트리뷴 AutoTribune,"66,800","43,981","1,068,800",400000,27.0,73.0,0.0,0.0,0.0,0.0,99.0,0.0,1168065500,서울시,강남구,도곡1동
456,자동차,압구정시골쥐,"51,500","20,167","3,000,000",400000,48.0,52.0,6.0,5.0,2.0,26.0,58.0,0.0,1132051500,서울시,도봉구,창5동
457,자동차,쎄게형[이준수],"42,700","20,612","683,200",400000,56.0,44.0,18.0,3.0,12.0,21.0,38.0,1.0,1174062000,서울시,강동구,천호3동
458,자동차,The Korean Trucker코리안트럭커,"38,100","39,947","609,600",400000,39.0,61.0,17.0,5.0,13.0,8.0,26.0,24.0,1165060000,서울시,서초구,방배1동
459,자동차,vpr3i,"31,400","1,974","502,400",400000,83.0,17.0,28.0,9.0,21.0,37.0,2.0,2.0,1171059000,서울시,송파구,송파2동
460,자동차,선희장,"28,000","25,167","448,000",400000,44.0,56.0,2.0,6.0,3.0,42.0,15.0,19.0,1162060500,서울시,관악구,은천동
461,자동차,THE CARAVAN TV,"24,100","14,290","385,600",400000,30.0,70.0,0.0,0.0,0.0,47.0,23.0,28.0,1126063000,서울시,중랑구,묵2동
462,자동차,자동차 미생 Auto Engineer American Life,"21,600","11,955","345,600",400000,15.0,85.0,7.0,1.0,6.0,4.0,6.0,75.0,1154571000,서울시,금천구,시흥5동
463,자동차,모토르(MoThor),"19,900","5,535","318,400",400000,40.0,60.0,29.0,0.0,37.0,33.0,0.0,0.0,1171064600,서울시,송파구,장지동
464,자동차,꿀착기의모험,"17,100","1,403","273,600",400000,93.0,7.0,0.0,0.0,4.0,3.0,46.0,45.0,1159052000,서울시,동작구,노량진2동
465,자동차,막슈,"15,400","2,784","246,400",400000,43.0,57.0,0.0,39.0,18.0,23.0,4.0,7.0,1129081000,서울시,성북구,석관동
466,자동차,마이붕붕카,"13,900","1,561","222,400",400000,27.0,73.0,7.0,14.0,28.0,12.0,1.0,36.0,1120059000,서울시,성동구,금호1가동
467,자동차,장고프로_,"12,200",888,"195,200",400000,77.0,23.0,9.0,7.0,47.0,7.0,29.0,0.0,1144074000,서울시,마포구,상암동
468,자동차,라트 LAT,"11,100",5,"177,600",400000,67.0,33.0,9.0,6.0,1.0,3.0,36.0,44.0,1153077000,서울시,구로구,오류1동
469,자동차,비버짱,"10,400","4,820","166,400",400000,59.0,41.0,16.0,0.0,83.0,0.0,0.0,0.0,1171054000,서울시,송파구,마천1동
470,자동차,GT CAR HOLIC,"9,540","1,676","152,640",400000,20.0,80.0,0.0,75.0,20.0,3.0,0.0,1.0,1153077000,서울시,구로구,오류1동
471,자동차,Crazy Dotory,"7,960",905,"127,360",400000,13.0,87.0,1.0,4.0,18.0,52.0,24.0,0.0,1150059300,서울시,강서구,화곡8동
472,자동차,Land Rover Korea - 랜드로버 코리아,"6,940",193,"111,040",400000,55.0,45.0,60.0,2.0,7.0,0.0,1.0,27.0,1168065000,서울시,강남구,역삼2동
473,자동차,MaximumG,"6,090",237,"97,440",400000,47.0,53.0,0.0,24.0,19.0,38.0,14.0,1.0,1117057000,서울시,용산구,원효로2동
474,자동차,컨설턴트와니,"5,100","1,870","81,600",400000,38.0,62.0,0.0,14.0,22.0,0.0,52.0,10.0,1123066000,서울시,동대문구,장안2동
475,자동차,babol.kr,"4,650",520,"74,400",400000,84.0,16.0,0.0,0.0,2.0,93.0,0.0,1.0,1130564500,서울시,강북구,우이동
476,자동차,알쓰리쑊 Moto R3ShocK,"4,410","1,167","70,560",400000,33.0,67.0,41.0,25.0,0.0,10.0,11.0,1.0,1154563000,서울시,금천구,독산3동
477,자동차,디엑셀 D_EXCEL,"4,190","1,576","67,040",400000,71.0,29.0,7.0,0.0,7.0,0.0,83.0,0.0,1174064000,서울시,강동구,성내1동
478,자동차,김진영,"3,790","2,588","60,640",400000,37.0,63.0,4.0,2.0,11.0,0.0,82.0,0.0,1117058000,서울시,용산구,효창동
479,자동차,MOBIS Communicator,"3,280",297,"52,480",400000,88.0,12.0,3.0,0.0,7.0,47.0,40.0,0.0,1156056000,서울시,영등포구,당산2동
480,자동차,kamineTV,"2,910",708,"46,560",400000,19.0,81.0,23.0,31.0,39.0,4.0,1.0,1.0,1114060500,서울시,중구,을지로동
481,자동차,제이리무진,"2,460","1,076","39,360",400000,18.0,82.0,53.0,7.0,1.0,0.0,0.0,38.0,1150053000,서울시,강서구,등촌2동
482,자동차,Coltd Visionwave,"2,220","1,610","35,520",400000,26.0,74.0,14.0,2.0,1.0,0.0,81.0,1.0,1126069000,서울시,중랑구,신내2동
483,자동차,키위삼촌 UncleKiwi,"2,060","1,229","32,960",400000,52.0,48.0,8.0,45.0,16.0,17.0,4.0,0.0,1123072000,서울시,동대문구,휘경1동
484,자동차,JAE HONG OH,"1,920",94,"30,720",400000,33.0,67.0,0.0,87.0,5.0,5.0,2.0,0.0,1135062400,서울시,노원구,중계4동
485,자동차,인천최고덴트집,"1,820",440,"29,120",400000,42.0,58.0,0.0,3.0,1.0,0.0,0.0,95.0,1121584700,서울시,광진구,자양4동
486,자동차,Etomedia Korea,"1,730",298,"27,680",400000,87.0,13.0,0.0,0.0,2.0,12.0,2.0,82.0,1126066000,서울시,중랑구,망우3동
487,자동차,혼다코리아,"1,590",255,"25,440",400000,17.0,83.0,5.0,6.0,43.0,19.0,10.0,8.0,1132051400,서울시,도봉구,창4동
488,자동차,H. biny,"1,500",817,"24,000",400000,26.0,74.0,91.0,1.0,3.0,1.0,3.0,0.0,1138051000,서울시,은평구,녹번동
489,자동차,MTBS,"1,380",842,"22,080",400000,41.0,59.0,6.0,14.0,1.0,9.0,3.0,62.0,1126069000,서울시,중랑구,신내2동
490,자동차,자동차 매거진,"1,250",109,"20,000",400000,34.0,66.0,1.0,51.0,4.0,0.0,25.0,18.0,1144060000,서울시,마포구,대흥동
491,키즈 · 플레이,Lime Tube[라임튜브],"2,580,000","1,337,184","30,000,000",200000,50.0,50.0,9.0,0.0,84.0,4.0,1.0,0.0,1126062000,서울시,중랑구,묵1동
492,키즈 · 플레이,Toy Wizard [토이위자드],"2,070,000","13,973","33,120,000",200000,99.0,1.0,8.0,3.0,34.0,34.0,1.0,19.0,1156053500,서울시,영등포구,영등포동
493,키즈 · 플레이,CoCosToy 꼬꼬스토이,"1,580,000","1,311,759","25,280,000",200000,69.0,31.0,61.0,1.0,0.0,16.0,3.0,12.0,1162059500,서울시,관악구,청룡동
494,키즈 · 플레이,PLAYYANI 플레이애니,"1,170,000","260,880","18,720,000",200000,33.0,67.0,8.0,2.0,73.0,0.0,1.0,15.0,1120057000,서울시,성동구,행당2동
495,키즈 · 플레이,마이린 TV,"933,000","362,985","27,000,000",200000,22.0,78.0,7.0,0.0,66.0,22.0,4.0,0.0,1130563000,서울시,강북구,수유3동
496,키즈 · 플레이,깨비키즈 [KEBIKIDS],"771,000","390,401","12,336,000",200000,7.0,93.0,0.0,0.0,0.0,0.0,1.0,98.0,1147061100,서울시,양천구,신월7동
497,키즈 · 플레이,MiniforceTV,"677,000","653,670","10,832,000",200000,52.0,48.0,0.0,1.0,0.0,3.0,95.0,0.0,1117056000,서울시,용산구,원효로1동
498,키즈 · 플레이,고고 티비GoGo TV,"557,000","278,772","8,912,000",200000,48.0,52.0,0.0,6.0,33.0,14.0,41.0,5.0,1114055000,서울시,중구,명동
499,키즈 · 플레이,JOYJOY KIDZ[조이조이키즈] Nursery Rhymes,"493,000","460,093","7,888,000",200000,81.0,19.0,1.0,42.0,7.0,1.0,45.0,3.0,1126058000,서울시,중랑구,상봉1동
500,키즈 · 플레이,리콩수콩일기키즈Rikongsukong Diary Kids,"387,000","235,666","6,192,000",200000,56.0,44.0,52.0,0.0,1.0,0.0,1.0,45.0,1156071000,서울시,영등포구,대림2동
501,키즈 · 플레이,사랑아놀자(Let's Play SARANG),"325,000","233,295","5,200,000",200000,72.0,28.0,1.0,0.0,12.0,10.0,1.0,75.0,1153079000,서울시,구로구,수궁동
502,키즈 · 플레이,리틀투니 Littletooni - 인기동요·키즈,"280,000","241,495","4,480,000",200000,81.0,19.0,1.0,3.0,50.0,12.0,2.0,31.0,1138069000,서울시,은평구,진관동
503,키즈 · 플레이,PLAYYKIDS 플레이키즈,"228,000","141,256","3,648,000",200000,61.0,39.0,26.0,51.0,9.0,12.0,0.0,0.0,1120059000,서울시,성동구,금호1가동
504,키즈 · 플레이,보니티비보니,"198,000","60,659","3,168,000",200000,83.0,17.0,0.0,1.0,56.0,13.0,8.0,19.0,1153077000,서울시,구로구,오류1동
505,키즈 · 플레이,터닝메카드 - turning mecard official,"175,000","84,075","2,800,000",200000,84.0,16.0,5.0,4.0,1.0,40.0,6.0,40.0,1159068000,서울시,동작구,신대방2동
506,키즈 · 플레이,디즈니채널,"159,000","113,847","2,544,000",200000,22.0,78.0,2.0,4.0,66.0,26.0,0.0,1.0,1114068000,서울시,중구,중림동
507,키즈 · 플레이,[루피토이] Ruppy Toy,"137,000","104,822","2,192,000",200000,69.0,31.0,6.0,2.0,23.0,0.0,0.0,68.0,1171051000,서울시,송파구,풍납1동
508,키즈 · 플레이,RabbitPlus_토깽이네상상더하기,"124,000","74,360","1,984,000",200000,24.0,76.0,12.0,40.0,0.0,6.0,37.0,0.0,1135070000,서울시,노원구,상계8동
509,키즈 · 플레이,RunningMan 런닝맨,"115,000","16,996","1,840,000",200000,92.0,8.0,0.0,88.0,0.0,9.0,0.0,1.0,1141072000,서울시,서대문구,북가좌2동
510,키즈 · 플레이,MKH,"104,000","5,023","1,664,000",200000,64.0,36.0,1.0,11.0,4.0,20.0,61.0,2.0,1121578000,서울시,광진구,능동
511,키즈 · 플레이,두두팝토이 - DuDuPopTOY,"90,500","1,194,262","1,448,000",200000,23.0,77.0,2.0,6.0,0.0,0.0,1.0,90.0,1130563000,서울시,강북구,수유3동
512,키즈 · 플레이,Alice Aniper,"86,200",135,"1,379,200",200000,91.0,9.0,32.0,38.0,27.0,0.0,0.0,2.0,1144059000,서울시,마포구,용강동
513,키즈 · 플레이,Kidnuts TV [키너츠TV],"79,500","13,811","1,272,000",200000,36.0,64.0,0.0,28.0,2.0,69.0,0.0,0.0,1114066500,서울시,중구,동화동
514,키즈 · 플레이,심심한마녀,"71,800","10,475","1,148,800",200000,79.0,21.0,29.0,0.0,5.0,1.0,61.0,2.0,1154569000,서울시,금천구,시흥5동
515,키즈 · 플레이,지니키즈 역사★Genikids History,"63,200","50,954","1,011,200",200000,49.0,51.0,1.0,4.0,7.0,3.0,16.0,53.0,1121573000,서울시,광진구,군자동
516,키즈 · 플레이,뚜뚜루툰 TOON,"52,300","52,693","836,800",200000,75.0,25.0,1.0,0.0,1.0,0.0,97.0,0.0,1141058500,서울시,서대문구,신촌동
517,키즈 · 플레이,Korean Fairy Tales,"48,800","44,462","780,800",200000,82.0,18.0,1.0,64.0,33.0,0.0,0.0,1.0,1165052000,서울시,서초구,서초2동
518,키즈 · 플레이,Grag Geo,"42,000",984,"672,000",200000,27.0,73.0,80.0,1.0,5.0,6.0,7.0,0.0,1162063000,서울시,관악구,남현동
519,키즈 · 플레이,AniFriends - Animation Channel,"37,100","19,657","593,600",200000,39.0,61.0,31.0,21.0,3.0,2.0,20.0,21.0,1114061500,서울시,중구,신당동
520,키즈 · 플레이,유에스티알캡몬담당,"33,500","45,180","536,000",200000,5.0,95.0,53.0,4.0,26.0,0.0,0.0,16.0,1114066500,서울시,중구,동화동
521,키즈 · 플레이,Namkyue Kim,"29,400",104,"470,400",200000,8.0,92.0,0.0,2.0,0.0,33.0,0.0,64.0,1153077000,서울시,구로구,오류1동
522,키즈 · 플레이,ToyLand토이랜드,"27,700",447,"443,200",200000,8.0,92.0,35.0,9.0,7.0,2.0,0.0,42.0,1111053000,서울시,종로구,사직동
523,키즈 · 플레이,몰짜잔,"24,900",214,"398,400",200000,7.0,93.0,28.0,1.0,22.0,0.0,45.0,1.0,1135062500,서울시,노원구,중계2.3동
524,키즈 · 플레이,키즈레전드,"23,800","4,266","380,800",200000,96.0,4.0,1.0,11.0,51.0,0.0,18.0,18.0,1141062000,서울시,서대문구,홍제1동
525,키즈 · 플레이,최고급선풍기,"21,700",1,"347,200",200000,13.0,87.0,1.0,28.0,0.0,0.0,70.0,0.0,1120058000,서울시,성동구,응봉동
526,키즈 · 플레이,KIDS MAMA,"18,700",63,"299,200",200000,54.0,46.0,38.0,23.0,0.0,9.0,9.0,20.0,1126057000,서울시,중랑구,면목7동
527,교육,14F 일사에프,"271,000","75,681","4,336,000",200000,18.0,82.0,34.0,57.0,1.0,7.0,0.0,0.0,1129076000,서울시,성북구,장위1동
528,교육,지식한잔,"226,000","89,966","3,616,000",200000,41.0,59.0,0.0,65.0,0.0,15.0,7.0,12.0,1168052100,서울시,강남구,논현1동
529,교육,친절한 대학,"168,000","49,778","2,688,000",200000,20.0,80.0,0.0,0.0,18.0,2.0,14.0,65.0,1117068500,서울시,용산구,한남동
530,교육,Conversational Korean,"142,000","4,856","2,272,000",200000,11.0,89.0,2.0,1.0,3.0,86.0,0.0,6.0,1114063500,서울시,중구,약수동
531,교육,또선생,"130,000","16,006","2,080,000",200000,13.0,87.0,19.0,52.0,20.0,0.0,2.0,3.0,1165065200,서울시,서초구,양재2동
532,교육,Dr.Law이윤규 변호사,"119,000","13,781","1,904,000",200000,11.0,89.0,2.0,5.0,0.0,2.0,8.0,81.0,1132051200,서울시,도봉구,창2동
533,교육,Don되는 영어,"111,000",157,"1,776,000",200000,91.0,9.0,0.0,79.0,1.0,2.0,16.0,0.0,1126061000,서울시,중랑구,중화2동
534,교육,Bridge TV,"99,800","4,792","1,596,800",200000,75.0,25.0,65.0,1.0,0.0,2.0,2.0,25.0,1123070500,서울시,동대문구,청량리동
535,교육,도올TV,"93,200","24,690","1,491,200",200000,36.0,64.0,93.0,2.0,4.0,0.0,0.0,0.0,1138063100,서울시,은평구,신사1동
536,교육,지후영어 tv,"89,500","8,580","1,432,000",200000,34.0,66.0,3.0,0.0,93.0,2.0,0.0,0.0,1168058000,서울시,강남구,삼성1동
537,교육,개인gain_vlog,"84,600","5,424","1,353,600",200000,90.0,10.0,13.0,66.0,7.0,3.0,1.0,8.0,1126063000,서울시,중랑구,묵2동
538,교육,CosmoJina코스모지나,"79,000","9,599","1,264,000",200000,40.0,60.0,8.0,2.0,2.0,77.0,4.0,4.0,1135070000,서울시,노원구,상계8동
539,교육,EBSi 고교강의,"73,400","17,975","1,174,400",200000,38.0,62.0,41.0,0.0,4.0,0.0,47.0,7.0,1162059500,서울시,관악구,청룡동
540,교육,신박사 TV,"70,100","13,835","1,121,600",200000,26.0,74.0,15.0,0.0,17.0,11.0,26.0,30.0,1147057000,서울시,양천구,신월2동
541,교육,서울경제썸 Thumb,"64,800","17,692","1,036,800",200000,25.0,75.0,0.0,12.0,13.0,4.0,62.0,8.0,1121573000,서울시,광진구,군자동
542,교육,Listen and Learn English,"60,900","8,958","974,400",200000,65.0,35.0,5.0,9.0,18.0,12.0,27.0,28.0,1138063200,서울시,은평구,신사2동
543,교육,연세중앙교회 Yonsei Central Baptist Church,"57,900","20,932","926,400",200000,51.0,49.0,0.0,5.0,15.0,11.0,32.0,29.0,1153078000,서울시,구로구,오류2동
544,교육,대성마이맥,"53,800","70,613","860,800",200000,24.0,76.0,1.0,19.0,2.0,4.0,60.0,11.0,1114063500,서울시,중구,약수동
545,교육,세탁하기좋은날TV,"51,800","7,363","828,800",200000,38.0,62.0,3.0,6.0,0.0,7.0,62.0,21.0,1129070500,서울시,성북구,종암동
546,교육,백티비,"48,900","55,697","782,400",200000,43.0,57.0,0.0,1.0,60.0,1.0,18.0,18.0,1129062000,서울시,성북구,정릉4동
547,교육,같영구,"47,100","6,550","753,600",200000,50.0,50.0,26.0,0.0,3.0,37.0,1.0,32.0,1150055000,서울시,강서구,화곡2동
548,교육,중국어 방송하는 애니,"45,500","4,579","728,000",200000,89.0,11.0,0.0,7.0,2.0,86.0,0.0,4.0,1138060000,서울시,은평구,응암3동
549,교육,스튜디오A,"42,900",9,"686,400",200000,27.0,73.0,10.0,55.0,0.0,25.0,0.0,9.0,1144065500,서울시,마포구,서강동
550,교육,럭키맨33의 HAPPY TIME,"41,100",155,"657,600",200000,44.0,56.0,39.0,17.0,3.0,2.0,1.0,36.0,1162072500,서울시,관악구,조원동
551,교육,이기적영진닷컴,"39,400","11,272","630,400",200000,94.0,6.0,0.0,25.0,7.0,65.0,1.0,0.0,1171063200,서울시,송파구,가락2동
552,교육,rider eye-Aviation&Military,"38,700","9,412","619,200",200000,75.0,25.0,0.0,12.0,75.0,2.0,2.0,6.0,1138069000,서울시,은평구,진관동
553,교육,법률방송,"36,200","8,764","579,200",200000,52.0,48.0,55.0,0.0,0.0,39.0,0.0,5.0,1135059500,서울시,노원구,공릉1동
554,교육,Nina's Life School니나,"35,600","4,835","569,600",200000,25.0,75.0,0.0,47.0,2.0,31.0,4.0,15.0,1141062000,서울시,서대문구,홍제1동
555,교육,혼공TV,"34,400","3,659","550,400",200000,36.0,64.0,5.0,1.0,1.0,20.0,49.0,22.0,1117064000,서울시,용산구,이촌2동
556,교육,NEXUS,"32,900","4,969","526,400",200000,2.0,98.0,65.0,33.0,0.0,0.0,0.0,1.0,1147062000,서울시,양천구,신정1동
557,교육,[비트코인]킬러웨일 - KillaWhale,"31,700",264,"507,200",200000,67.0,33.0,0.0,1.0,0.0,15.0,83.0,0.0,1153055000,서울시,구로구,구로4동
558,교육,딸바TV,"30,800","16,158","492,800",200000,77.0,23.0,2.0,94.0,0.0,0.0,3.0,0.0,1114064500,서울시,중구,청구동
559,교육,이거봐봐TV,"29,600","1,875","473,600",200000,88.0,12.0,31.0,0.0,0.0,25.0,37.0,6.0,1150061500,서울시,강서구,우장산동
560,교육,TV행복이먼저다,"28,700","13,598","459,200",200000,15.0,85.0,0.0,93.0,2.0,0.0,4.0,0.0,1129059000,서울시,성북구,정릉2동
561,교육,우리은행,"28,100","1,338","449,600",200000,91.0,9.0,5.0,0.0,6.0,86.0,0.0,2.0,1147064000,서울시,양천구,신정3동
562,교육,연고맨,"27,300","4,549","436,800",200000,26.0,74.0,1.0,3.0,12.0,82.0,1.0,0.0,1138055100,서울시,은평구,갈현1동
563,교육,HANBINI STUDYLOG,"26,700","2,883","427,200",200000,80.0,20.0,66.0,1.0,1.0,26.0,2.0,0.0,1132071000,서울시,도봉구,방학3동
564,교육,시사북스,"25,600","3,250","409,600",200000,88.0,12.0,19.0,2.0,23.0,2.0,36.0,13.0,1126068000,서울시,중랑구,신내1동
565,교육,아시아투데이ASIATODAY,"25,100","11,557","401,600",200000,69.0,31.0,0.0,61.0,1.0,34.0,2.0,1.0,1171064600,서울시,송파구,장지동
566,교육,주임재TV,"24,300","4,386","388,800",200000,11.0,89.0,3.0,64.0,3.0,2.0,3.0,20.0,1150064000,서울시,강서구,방화2동
567,교육,HANGUL FORMULA,"23,800",974,"380,800",200000,95.0,5.0,12.0,0.0,71.0,2.0,1.0,9.0,1171058000,서울시,송파구,송파1동
568,교육,갑술명리학연구소,"22,900","7,992","366,400",200000,87.0,13.0,13.0,45.0,34.0,4.0,3.0,0.0,1162071500,서울시,관악구,난향동
569,교육,국어의 기술,"22,100","11,470","353,600",200000,29.0,71.0,34.0,45.0,6.0,2.0,10.0,2.0,1174057000,서울시,강동구,암사1동
570,교육,Hong JinPyo,"21,400","5,037","342,400",200000,42.0,58.0,14.0,1.0,73.0,3.0,5.0,2.0,1171071000,서울시,송파구,잠실6동
571,교육,SamsungMedicalCenter,"20,400","3,965","326,400",200000,24.0,76.0,78.0,8.0,1.0,3.0,4.0,3.0,1171053100,서울시,송파구,위례동
572,교육,시대에듀빠른 합격!,"20,000","7,981","320,000",200000,92.0,8.0,9.0,68.0,8.0,11.0,0.0,3.0,1165055000,서울시,서초구,반포본동
573,교육,장현호,"19,500","3,723","312,000",200000,28.0,72.0,3.0,0.0,0.0,0.0,0.0,96.0,1147056000,서울시,양천구,신월1동
574,교육,렛유인 LEDU l 레듀,"18,800","8,155","300,800",200000,72.0,28.0,31.0,42.0,2.0,0.0,8.0,16.0,1144071000,서울시,마포구,연남동
575,교육,미국주식에 미치다 TV,"18,400","7,848","294,400",200000,31.0,69.0,1.0,41.0,5.0,9.0,24.0,9.0,1123054500,서울시,동대문구,제기동
576,교육,성장읽기,"18,000","2,234","288,000",200000,81.0,19.0,9.0,9.0,1.0,1.0,28.0,45.0,1162074500,서울시,관악구,삼성동
577,교육,체인지TV ChangeTV,"17,600","1,923","281,600",200000,30.0,70.0,30.0,17.0,1.0,24.0,15.0,3.0,1156065000,서울시,영등포구,신길3동
578,교육,온라인 김도현 뉴미디어 영어,"17,300",108,"276,800",200000,42.0,58.0,3.0,4.0,29.0,3.0,40.0,18.0,1168053100,서울시,강남구,논현2동
579,교육,심영세원,"16,900","2,084","270,400",200000,58.0,42.0,0.0,88.0,1.0,0.0,0.0,10.0,1126059000,서울시,중랑구,상봉2동
580,교육,HamVoice 보컬트레이너 함현철,"16,600",974,"265,600",200000,61.0,39.0,1.0,1.0,2.0,0.0,94.0,0.0,1123060000,서울시,동대문구,답십리1동
581,그림 · 페인팅,순당무,"120,000","75,150","1,920,000",200000,66.0,34.0,1.0,95.0,2.0,0.0,0.0,1.0,1135062400,서울시,노원구,중계4동
582,그림 · 페인팅,수경화실방송국,"63,800","2,976","1,020,800",200000,58.0,42.0,1.0,0.0,2.0,30.0,37.0,24.0,1154562000,서울시,금천구,독산2동
583,그림 · 페인팅,민마mintmouse,"52,600",0,"841,600",200000,19.0,81.0,0.0,28.0,40.0,27.0,0.0,3.0,1120061500,서울시,성동구,금호2.3가동
584,그림 · 페인팅,픽츄어림,"37,700",331,"603,200",200000,88.0,12.0,61.0,16.0,0.0,11.0,11.0,0.0,1150061500,서울시,강서구,우장산동
585,그림 · 페인팅,MEATRABBIT육식토끼,"31,200",186,"499,200",200000,54.0,46.0,9.0,10.0,10.0,53.0,1.0,14.0,1135061200,서울시,노원구,하계2동
586,그림 · 페인팅,KKMI끄미,"26,900",220,"430,400",200000,16.0,84.0,19.0,37.0,1.0,10.0,19.0,0.0,1165059000,서울시,서초구,방배본동
587,그림 · 페인팅,히됴 Hidyo,"23,000",62,"368,000",200000,22.0,78.0,25.0,21.0,0.0,32.0,11.0,3.0,1121571000,서울시,광진구,화양동
588,그림 · 페인팅,ereara에리아라,"19,000",402,"304,000",200000,47.0,53.0,41.0,0.0,0.0,56.0,1.0,1.0,1171056600,서울시,송파구,오륜동