area_code,area_name,total,m,fm,age10,age20,age30,age40,age50,age60
1000001,계동길,39262,55,45,16,32,25,16,9,0
1000002,난계로27길,21270,52,48,16,19,16,19,24,0
1000003,돈화문로11가길,59864,59,41,17,33,25,16,9,0
1000004,명륜길,28902,46,54,23,27,20,14,11,0
1000005,백석동길,9697,50,50,15,16,18,17,22,0
1000006,북촌로11길,23087,64,36,13,30,26,17,12,0
1000007,북촌로5길,22397,68,32,14,32,26,16,10,0
1000008,북촌로5나길,10854,60,40,13,25,24,19,14,0
1000009,삼청로5길,8862,57,43,15,25,21,18,16,0
1000010,성균관로5길,29022,46,54,23,28,21,15,10,0
1000011,숭인동길,24597,51,49,15,16,16,20,26,0
1000012,옥인길,12965,46,54,12,18,20,16,20,0
1000013,율곡로10길,26590,50,50,19,32,24,15,9,0
1000014,율곡로16길,24599,64,36,16,28,25,17,12,0
1000015,이화장길,23629,55,45,19,24,20,17,15,0
1000016,자하문로7길,16411,53,47,15,23,20,15,17,0
1000017,종로24길,13623,60,40,11,19,22,24,23,0
1000018,종로58가길,13823,53,47,18,24,19,17,18,0
1000019,종로65길,30042,50,50,15,16,17,20,26,0
1000020,지봉로8길,21946,50,50,14,16,17,20,24,0
1000021,창경궁로35길,15210,44,56,21,18,20,15,17,0
1000022,창신2길,17164,56,44,14,15,18,22,25,0
1000023,창신5길,16926,51,49,14,13,17,22,27,0
1000024,창신길,20328,51,49,15,12,16,22,25,0
1000025,통일로12길,16123,47,53,12,14,18,17,24,0
1000026,평창길,11157,47,53,16,12,16,18,23,0
1000027,필운대로1길,15732,46,54,12,16,19,17,23,0
1000028,난계로11길,26571,51,49,17,21,17,17,19,0
1000029,난계로21길,20273,50,50,16,23,17,15,18,0
1000030,다산로33길,26855,51,49,18,19,18,18,20,0
1000031,다산로36길,25005,48,52,15,16,17,18,21,0
1000032,다산로38길,23481,50,50,19,18,18,19,19,0
1000033,다산로39길,19794,53,47,18,20,19,20,18,0
1000034,동호로10길,32790,48,52,22,22,17,15,16,0
1000035,동호로11길,25676,48,52,15,18,17,16,23,0
1000036,동호로15길,32286,48,52,25,23,18,14,15,0
1000037,동호로20길,30844,48,52,25,23,18,15,14,0
1000038,동호로8길,23884,47,53,18,18,16,17,23,0
1000039,명동길,167586,53,47,16,35,29,16,5,0
1000040,삼일대로4길,87253,55,45,15,33,29,17,6,0
1000041,장충단로8길,26147,49,51,22,23,19,15,17,0
1000042,청구로17길,28061,48,52,24,23,17,15,15,0
1000043,청구로1길,22549,47,53,15,17,17,17,22,0
1000044,퇴계로12길,38426,48,52,17,30,26,17,9,0
1000045,퇴계로18길,35495,46,54,15,31,27,17,8,0
1000046,퇴계로46길,52121,51,49,25,26,21,17,9,0
1000047,퇴계로56길,51936,51,49,25,27,21,15,10,0
1000048,퇴계로8길,76737,62,38,15,33,28,16,7,0
1000049,퇴계로90길,31325,50,50,15,19,17,18,21,0
1000050,녹사평대로11길,9727,54,46,14,16,23,16,18,0
1000051,녹사평대로26길,14909,50,50,15,21,18,19,21,0
1000052,녹사평대로32길,10294,51,49,17,22,17,17,22,0
1000053,녹사평대로40나길,11053,56,44,18,25,20,16,16,0
1000054,녹사평대로46길,11523,54,46,17,23,19,14,18,0
1000055,대사관로34길,17088,51,49,17,22,17,16,20,0
1000056,두텁바위로1길,44891,52,48,19,23,21,17,16,0
1000057,백범로79길,26443,51,49,16,21,18,16,19,0
1000058,백범로90길,38702,51,49,18,28,21,14,12,0
1000059,서빙고로71길,16954,52,48,14,15,21,16,20,0
1000060,소월로20길,18230,52,48,15,21,18,16,22,0
1000061,신흥로20길,22905,52,48,15,19,18,17,21,0
1000062,우사단로10길,29229,49,51,17,21,17,16,22,0
1000063,우사단로14길,21159,48,52,17,24,19,15,20,0
1000064,우사단로4길,22577,51,49,15,20,17,16,24,0
1000065,원효로19길,35790,57,43,22,21,20,14,15,0
1000066,원효로41길,31760,57,43,24,22,20,14,14,0
1000067,원효로53길,23880,55,45,14,24,20,15,19,0
1000068,원효로89길,36357,45,55,24,29,21,12,9,0
1000069,이촌로22길,19210,51,49,29,18,15,13,17,0
1000070,이태원로27길,17212,50,50,21,23,16,15,19,0
1000071,이태원로54길,25674,50,50,20,31,20,12,13,0
1000072,장문로45길,22234,49,51,15,16,16,18,26,0
1000073,청파로47길,31085,45,55,25,24,20,14,11,0
1000074,청파로47나길,26429,50,50,19,20,18,16,19,0
1000075,청파로71길,32889,51,49,17,18,18,18,20,0
1000076,청파로73길,23389,55,45,15,19,18,19,22,0
1000077,한강대로104길,75542,55,45,26,25,21,14,11,0
1000078,한강대로15길,19253,51,49,33,23,16,13,14,0
1000079,한강대로43길,41486,60,40,24,30,22,13,9,0
1000080,한강대로52길,22655,62,38,13,25,27,21,12,0
1000081,한강대로62길,22257,62,38,13,24,26,21,13,0
1000082,한강대로7길,20198,52,48,29,20,15,13,18,0
1000083,한강대로88길,22679,51,49,24,28,22,14,9,0
1000084,한남대로20길,13227,50,50,19,26,20,14,15,0
1000085,회나무로13길,17701,51,49,17,22,18,15,21,0
1000086,효창원로39길,23378,48,52,14,18,17,16,21,0
1000087,후암로28길,29505,52,48,14,19,19,17,20,0
1000088,고산자로6길,56257,44,56,15,19,22,25,12,0
1000089,금호산2길,23183,48,52,13,17,17,16,23,0
1000090,금호산길,29596,48,52,13,18,16,16,23,0
1000091,둘레9길,56863,45,55,15,21,26,26,9,0
1000092,뚝섬로5길,58462,45,55,15,23,27,25,7,0
1000093,마장로27길,27631,54,46,15,19,19,20,20,0
1000094,마장로39길,17724,52,48,15,16,17,18,21,0
1000095,마조로16길,23638,53,47,19,15,16,18,22,0
1000096,마조로1길,19200,51,49,31,18,17,16,13,0
1000097,매봉길,40529,47,53,12,21,17,15,21,0
1000098,무수막길,22798,48,52,13,19,17,16,21,0
1000099,무학로6길,31444,51,49,17,19,18,19,18,0
1000100,무학봉28길,19140,49,51,20,17,17,18,20,0
1000101,무학봉길,27797,48,52,15,16,17,16,20,0
1000102,사근동길,19229,52,48,31,17,17,14,15,0
1000103,상원12길,20995,56,44,15,21,20,19,17,0
1000104,상원길,35444,55,45,16,23,22,19,14,0
1000105,서울숲2길,14899,55,45,16,21,19,18,19,0
1000106,성덕정17길,29063,56,44,15,18,18,20,21,0
1000107,성덕정길,56380,45,55,15,21,26,26,8,0
1000108,성수이로18길,28086,63,37,17,24,23,20,14,0
1000109,성수이로7길,59484,47,53,16,23,26,24,8,0
1000110,성수일로6길,46580,57,43,17,25,23,18,13,0
1000111,송정12라길,15615,53,47,19,17,16,18,21,0
1000112,송정4가길,26880,57,43,20,21,19,18,16,0
1000113,아차산로11길,33536,62,38,17,25,24,19,13,0
1000114,아차산로15길,36885,62,38,20,25,22,18,12,0
1000115,아차산로5길,40752,56,44,16,24,22,19,14,0
1000116,왕십리로14길,35339,56,44,15,22,21,20,16,0
1000117,왕십리로21길,27519,48,52,15,17,18,18,19,0
1000118,왕십리로26길,35605,52,48,19,19,19,19,17,0
1000119,왕십리로31길,30868,49,51,17,19,16,17,19,0
1000120,왕십리로6길,33912,54,46,16,22,21,19,16,0
1000121,용답29길,33935,55,45,17,19,18,18,21,0
1000122,용답중앙길,19150,52,48,16,17,17,18,23,0
1000123,장터길,29178,47,53,13,18,16,16,23,0
1000124,청계천로10나길,32435,56,44,13,18,19,22,21,0
1000125,한림말3길,20081,47,53,12,20,18,15,20,0
1000126,한림말길,19918,46,54,13,18,17,16,22,0
1000127,광나루로12길,22581,50,50,34,20,13,13,15,0
1000128,광나루로24길,9212,49,51,33,22,15,13,13,0
1000129,광나루로36길,24536,51,49,16,20,17,17,19,0
1000130,광나루로37길,16808,50,50,14,17,18,19,21,0
1000131,광나루로40길,25921,49,51,17,19,16,17,20,0
1000132,광나루로52길,41929,50,50,15,17,20,20,18,0
1000133,긴고랑로20길,38644,49,51,16,18,16,18,20,0
1000134,긴고랑로7길,31815,51,49,15,18,16,18,22,0
1000135,긴고랑로8길,27047,52,48,16,20,16,18,21,0
1000136,긴고랑로9길,26927,49,51,15,18,16,18,21,0
1000137,능동로13길,30218,48,52,35,22,13,12,13,0
1000138,능동로19길,19849,49,51,36,21,13,12,14,0
1000139,능동로34길,32351,48,52,18,23,17,15,18,0
1000140,능동로3길,27673,49,51,13,16,16,18,23,0
1000141,능동로4길,27150,49,51,13,16,17,17,19,0
1000142,동일로18길,24179,54,46,17,19,18,19,21,0
1000143,동일로24길,22445,52,48,29,21,15,14,16,0
1000144,뚝섬로23길,22569,51,49,15,16,16,18,25,0
1000145,뚝섬로24길,18759,52,48,13,16,16,20,27,0
1000146,뚝섬로48길,27800,49,51,15,18,17,17,19,0
1000147,뚝섬로54길,25779,49,51,14,17,18,17,19,0
1000148,뚝섬로58길,27911,51,49,13,17,18,19,19,0
1000149,뚝섬로64길,20197,56,44,14,19,19,21,19,0
1000150,면목로17길,25600,51,49,15,17,16,19,22,0
1000151,아차산로40길,31369,50,50,18,19,17,17,18,0
1000152,아차산로51길,34873,63,37,14,18,22,27,14,0
1000153,아차산로55길,31461,50,50,17,20,19,20,17,0
1000154,아차산로65길,32315,49,51,15,16,19,16,17,0
1000155,아차산로78길,21737,50,50,15,19,19,17,18,0
1000156,용마산로21길,34547,49,51,15,18,16,19,20,0
1000157,용마산로3길,30214,49,51,16,20,16,17,18,0
1000158,자양로11길,31553,51,49,16,19,18,19,19,0
1000159,자양로15길,27060,52,48,17,19,18,19,18,0
1000160,자양로26길,46292,57,43,14,18,20,24,16,0
1000161,자양로45길,26930,48,52,15,18,17,18,20,0
1000162,자양로50길,27248,48,52,14,16,17,17,21,0
1000163,자양로53길,28478,48,52,14,16,16,19,22,0
1000164,자양번영로3길,24750,50,50,14,16,17,18,19,0
1000165,천호대로109길,33105,50,50,17,21,17,16,18,0
1000166,천호대로123길,31854,48,52,15,19,16,18,20,0
1000167,천호대로129길,33470,48,52,14,17,17,18,21,0
1000168,경희대로3길,15915,48,52,24,23,19,15,14,0
1000169,경희대로4길,18170,47,53,27,20,17,14,14,0
1000170,난계로30길,25211,51,49,13,20,22,21,19,0
1000171,답십리로23길,24284,52,48,14,17,17,17,22,0
1000172,답십리로56길,29733,49,51,13,14,17,19,25,0
1000173,답십리로60길,24453,51,49,13,15,16,20,26,0
1000174,답십리로63길,17154,50,50,13,15,18,19,24,0
1000175,답십리로64길,27628,51,49,14,18,17,19,22,0
1000176,답십리로68길,26055,51,49,14,20,18,18,20,0
1000177,답십리로69길,23501,51,49,11,17,20,16,19,0
1000178,답십리로72길,24131,50,50,13,18,19,15,20,0
1000179,망우로18가길,14991,49,51,30,16,13,14,19,0
1000180,망우로18길,16601,48,52,28,17,14,14,18,0
1000181,망우로21길,18886,49,51,23,16,15,15,21,0
1000182,무학로16길,29600,60,40,14,19,20,21,19,0
1000183,무학로45길,14147,56,44,22,20,17,16,19,0
1000184,사가정로13길,22467,48,52,12,14,17,19,24,0
1000185,사가정로23가길,22844,50,50,13,14,18,18,23,0
1000186,사가정로2길,23733,50,50,15,18,17,17,21,0
1000187,서울시립대로16길,23953,52,48,15,16,18,18,22,0
1000188,서울시립대로29길,21177,51,49,23,16,13,15,23,0
1000189,서울시립대로4길,28260,53,47,13,19,18,17,21,0
1000190,약령시로17길,18545,53,47,12,14,15,19,33,0
1000191,왕산로32길,15598,57,43,15,19,18,20,23,0
1000192,왕산로33길,10718,56,44,13,15,15,20,31,0
1000193,왕산로43길,29087,54,46,14,16,16,19,26,0
1000194,이문로42길,26744,49,51,15,14,16,17,25,0
1000195,장한로14길,21286,54,46,13,19,19,18,20,0
1000196,장한로25길,19685,50,50,15,19,18,19,20,0
1000197,장한로26가길,24657,50,50,14,19,18,16,20,0
1000198,장한로26길,22702,49,51,12,18,19,15,19,0
1000199,장한로27가길,19261,50,50,12,16,19,19,22,0
1000200,장한로27길,19500,49,51,14,17,19,20,21,0
1000201,장한로5길,32835,57,43,14,19,18,19,22,0
1000202,장한로8길,23421,56,44,14,20,19,18,20,0
1000203,전농로29길,22307,52,48,15,17,18,19,22,0
1000204,전농로3길,24052,49,51,14,16,17,17,22,0
1000205,전농로4길,30421,54,46,15,18,17,19,23,0
1000206,제기로21길,19815,52,48,13,15,15,18,31,0
1000207,제기로5길,10444,53,47,18,15,15,16,27,0
1000208,천장산로7길,16585,50,50,24,19,20,17,14,0
1000209,천호대로12길,27057,56,44,14,21,23,19,16,0
1000210,천호대로17길,33781,57,43,16,21,19,19,19,0
1000211,천호대로45길,19056,55,45,15,18,17,19,24,0
1000212,천호대로77길,28155,57,43,15,19,18,19,23,0
1000213,천호대로97길,19254,56,44,14,20,19,17,21,0
1000214,한천로14길,33413,54,46,14,18,18,19,23,0
1000215,한천로33길,18884,49,51,13,14,18,18,24,0
1000216,한천로40길,19403,51,49,13,14,17,19,25,0
1000217,한천로46길,21790,49,51,12,15,19,18,21,0
1000218,휘경로14길,19051,50,50,16,14,16,17,26,0
1000219,휘경로23길,19955,50,50,14,14,17,17,28,0
1000220,휘경로2길,15149,50,50,23,15,15,15,22,0
1000221,휘경로3길,24617,50,50,18,14,16,17,25,0
1000222,겸재로29길,27619,51,49,15,18,17,19,22,0
1000223,겸재로36길,30665,50,50,15,17,17,19,22,0
1000224,겸재로54길,36793,50,50,15,16,16,19,23,0
1000225,공릉로12가길,18240,49,51,13,15,19,16,19,0
1000226,공릉로2길,27506,49,51,14,19,16,17,23,0
1000227,답십리로75길,19675,52,48,13,16,18,19,21,0
1000228,동일로100길,33821,51,49,14,17,17,20,22,0
1000229,동일로101길,26695,50,50,13,15,17,20,22,0
1000230,동일로112길,35394,51,49,16,20,17,19,20,0
1000231,동일로123길,29915,51,49,14,16,15,20,24,0
1000232,동일로130길,28795,50,50,15,17,15,19,22,0
1000233,동일로139가길,26052,52,48,14,17,16,19,25,0
1000234,동일로139길,20389,51,49,13,15,16,20,27,0
1000235,동일로140길,22808,50,50,14,17,15,19,24,0
1000236,동일로149길,21887,53,47,14,18,17,18,22,0
1000237,동일로157길,34845,51,49,15,18,16,17,22,0
1000238,동일로163길,24189,51,49,14,18,16,17,21,0
1000239,망우로68길,24172,51,49,13,14,15,21,26,0
1000240,망우로73길,15455,52,48,13,14,15,20,26,0
1000241,면목로21길,18390,51,49,15,16,17,19,21,0
1000242,면목로33길,24613,51,49,14,15,17,19,23,0
1000243,면목로45길,19338,49,51,15,17,17,18,24,0
1000244,면목로48길,24777,50,50,15,16,16,19,24,0
1000245,면목로49길,23013,49,51,15,17,17,18,23,0
1000246,면목로55길,22454,49,51,14,17,17,19,22,0
1000247,면목로56길,27205,50,50,15,16,16,20,23,0
1000248,면목로78길,34410,50,50,15,17,16,19,23,0
1000249,봉우재로33길,23172,51,49,17,20,16,18,21,0
1000250,봉화산로30길,29789,51,49,15,17,15,19,22,0
1000251,봉화산로4길,27790,51,49,13,15,16,21,26,0
1000252,봉화산로56길,37834,48,52,13,15,16,19,21,0
1000253,사가정로42길,23161,50,50,14,16,17,19,23,0
1000254,사가정로54길,25427,49,51,15,16,15,18,25,0
1000255,신내로7가길,32954,49,51,14,15,16,19,19,0
1000256,용마산로100길,24635,51,49,13,14,16,20,25,0
1000257,용마산로112길,17547,51,49,13,14,16,21,26,0
1000258,용마산로118길,23749,51,49,13,14,16,21,25,0
1000259,용마산로94길,22031,52,48,14,13,16,21,25,0
1000260,중랑천로10길,24224,53,47,14,17,19,20,20,0
1000261,길음로7길,15458,46,54,12,16,19,16,21,0
1000262,돌곶이로14길,16506,51,49,14,13,16,19,27,0
1000263,돌곶이로22길,18404,52,48,14,14,16,18,29,0
1000264,돌곶이로27길,18625,50,50,13,13,17,18,28,0
1000265,돌곶이로28길,15557,54,46,13,13,16,19,31,0
1000266,돌곶이로41길,15425,49,51,13,14,17,18,23,0
1000267,돌곶이로8길,17309,50,50,13,13,17,19,27,0
1000268,동소문로13길,33631,47,53,16,16,18,18,20,0
1000269,동소문로15길,22558,47,53,17,17,18,17,20,0
1000270,동소문로26가길,21635,45,55,23,17,16,16,20,0
1000271,동소문로2길,12394,48,52,19,17,18,17,20,0
1000272,동소문로6길,11178,48,52,19,18,17,17,20,0
1000273,보국문로16길,28627,50,50,13,15,18,16,23,0
1000274,보문로13길,27042,51,49,15,16,16,18,26,0
1000275,보문로26길,20502,48,52,24,19,16,16,18,0
1000276,보문로31길,25431,47,53,18,18,18,18,19,0
1000277,보문로32길,18561,47,53,25,20,17,18,16,0
1000278,삼선교로10길,16870,49,51,18,16,17,16,22,0
1000279,삼선교로10다길,17915,49,51,18,16,17,16,22,0
1000280,삼선교로16가길,19657,50,50,16,15,18,17,20,0
1000281,삼양로8길,21018,47,53,12,16,19,15,21,0
1000282,성북로8길,17931,48,52,16,17,19,17,18,0
1000283,솔샘로6길,16125,51,49,17,13,15,16,27,0
1000284,아리랑로4길,26934,45,55,19,17,17,15,21,0
1000285,안암로5길,25356,53,47,18,17,17,17,24,0
1000286,오패산로19길,19055,49,51,12,15,19,17,24,0
1000287,오패산로3길,28468,49,51,13,14,18,17,24,0
1000288,오패산로4길,31044,49,51,17,16,17,16,21,0
1000289,인촌로17가길,18914,44,56,27,22,17,14,13,0
1000290,인촌로1길,23625,50,50,20,19,17,18,20,0
1000291,개운사길,15502,52,48,24,26,21,17,9,0
1000292,인촌로24길,11231,54,46,26,17,16,14,18,0
1000293,인촌로5길,15848,47,53,27,17,15,16,18,0
1000294,인촌로6길,24214,52,48,16,16,17,18,25,0
1000295,장월로1길,19365,50,50,18,17,16,16,22,0
1000296,장위로50길,12396,54,46,12,12,17,22,29,0
1000297,정릉로26길,19512,48,52,12,14,18,16,23,0
1000298,정릉로27길,33163,49,51,13,14,17,16,23,0
1000299,정릉로8길,9057,55,45,18,17,17,18,22,0
1000300,종암로16길,27523,48,52,13,14,17,17,24,0
1000301,종암로19길,22467,47,53,15,14,17,17,23,0
1000302,종암로21길,22902,49,51,12,15,19,16,22,0
1000303,종암로24가길,22524,48,52,12,15,18,16,22,0
1000304,종암로5길,13970,52,48,22,17,15,15,19,0
1000305,지봉로20길,27151,50,50,16,17,17,17,22,0
1000306,창경궁로43길,16685,46,54,19,19,19,16,18,0
1000307,한천로101가길,14092,49,51,12,14,18,17,22,0
1000308,한천로76길,19801,51,49,13,14,16,19,28,0
1000309,화랑로13길,21980,48,52,18,16,17,15,20,0
1000310,화랑로14길,17502,51,49,17,17,18,15,19,0
1000311,화랑로19길,22311,50,50,13,14,17,18,26,0
1000312,화랑로1길,31853,51,49,13,15,18,17,24,0
1000313,화랑로32길,20312,50,50,15,14,17,17,25,0
1000314,화랑로40길,17005,53,47,13,14,16,19,29,0
1000315,노해로17길,29218,48,52,15,15,16,18,27,0
1000316,노해로23길,20894,48,52,13,13,16,18,28,0
1000317,노해로33길,20070,48,52,14,13,17,18,26,0
1000318,덕릉로40길,18262,53,47,13,13,18,20,26,0
1000319,덕릉로41길,27508,52,48,16,17,18,20,22,0
1000320,도봉로13길,14953,49,51,14,14,16,19,26,0
1000321,도봉로18길,18021,48,52,13,15,17,19,26,0
1000322,도봉로45길,23821,48,52,15,15,17,18,25,0
1000323,도봉로67길,18808,48,52,14,14,15,18,28,0
1000324,도봉로76길,24203,49,51,17,17,16,18,24,0
1000325,도봉로8길,8329,49,51,15,16,18,19,26,0
1000326,도봉로99길,17854,49,51,17,16,16,19,23,0
1000327,삼각산로28길,31694,50,50,15,17,16,19,25,0
1000328,삼양로20길,21982,49,51,12,14,18,17,23,0
1000329,삼양로24길,26171,49,51,12,14,17,19,27,0
1000330,삼양로27길,27534,48,52,11,14,19,16,24,0
1000331,삼양로41길,31145,49,51,12,13,17,18,26,0
1000332,삼양로54길,25284,49,51,13,14,16,19,27,0
1000333,삼양로77길,25448,49,51,13,14,16,18,26,0
1000334,삼양로93길,28371,49,51,13,14,16,19,26,0
1000335,솔매로41길,24798,48,52,14,15,16,18,27,0
1000336,솔매로45길,18584,48,52,15,15,15,19,27,0
1000337,솔매로50길,25580,48,52,14,15,17,19,24,0
1000338,솔샘로65길,23383,49,51,13,14,17,20,26,0
1000339,수유로12길,24090,49,51,16,16,15,18,26,0
1000340,오패산로30길,19674,47,53,14,14,17,17,25,0
1000341,오패산로52길,21706,49,51,14,14,16,18,26,0
1000342,오패산로67길,26370,50,50,16,18,18,19,22,0
1000343,인수봉로56길,21274,48,52,14,13,16,18,26,0
1000344,인수봉로72길,26844,49,51,13,14,16,18,27,0
1000345,인수봉로79길,19012,49,51,12,14,17,18,26,0
1000346,한천로109길,28821,48,52,12,12,17,17,27,0
1000347,한천로124나길,21320,52,48,16,16,17,19,23,0
1000348,한천로130길,24849,50,50,15,15,17,18,24,0
1000349,한천로132길,26330,51,49,16,17,17,19,23,0
1000350,한천로139가길,21303,49,51,15,17,17,19,26,0
1000351,한천로140길,20218,50,50,17,16,16,18,24,0
1000352,노해로60길,24827,48,52,16,17,16,18,24,0
1000353,노해로63다길,21194,48,52,14,15,16,18,22,0
1000354,덕릉로60길,24508,49,51,13,14,17,18,24,0
1000355,도당로13가길,24074,50,50,14,12,16,20,27,0
1000356,도당로13바길,26564,50,50,13,12,16,19,26,0
1000357,도당로19길,27739,52,48,14,13,17,20,27,0
1000358,도당로29길,29400,52,48,13,14,17,20,27,0
1000359,도봉로109길,27180,48,52,15,17,16,17,24,0
1000360,도봉로114길,29705,48,52,16,17,16,18,23,0
1000361,도봉로143길,21256,50,50,13,13,15,20,26,0
1000362,도봉로147길,29424,51,49,14,14,16,20,26,0
1000363,도봉로152가길,18230,52,48,11,14,16,19,29,0
1000364,도봉로156길,17784,51,49,12,14,17,19,29,0
1000365,도봉로169나길,16572,51,49,11,14,15,19,31,0
1000366,도봉로181길,18582,50,50,13,13,15,19,29,0
1000367,도봉산4길,6023,58,42,10,12,17,24,30,0
1000368,도봉산길,12397,51,49,12,13,15,19,30,0
1000369,방학로10길,22485,49,51,14,13,16,19,25,0
1000370,방학로15길,23344,49,51,13,12,18,18,20,0
1000371,방학로5길,30306,49,51,13,15,15,19,25,0
1000372,방학로6가길,25480,50,50,13,13,16,20,27,0
1000373,삼양로144길,10744,46,54,16,14,17,17,26,0
1000374,시루봉로23길,18636,52,48,13,14,17,20,28,0
1000375,우이천로32길,22577,48,52,14,14,17,17,24,0
1000376,우이천로4다길,24212,50,50,13,13,16,18,26,0
1000377,해등로16길,29428,48,52,14,15,16,19,22,0
1000378,공릉로58길,14684,49,51,19,17,18,19,15,0
1000379,동일로173가길,32572,52,48,15,16,17,19,22,0
1000380,동일로192길,33638,51,49,21,14,14,17,22,0
1000381,동일로242길,16406,49,51,15,13,16,20,24,0
1000382,상계로12길,37741,48,52,16,11,18,19,20,0
1000383,상계로1길,16421,46,54,15,17,17,18,19,0
1000384,상계로9가길,28924,48,52,14,13,16,19,26,0
1000385,석계로1길,20406,51,49,14,13,17,18,26,0
1000386,한글비석로22길,24457,47,53,13,12,18,19,24,0
1000387,한글비석로24길,27576,48,52,13,12,17,19,27,0
1000388,한글비석로44길,28500,49,51,14,11,16,19,26,0
1000389,가좌로7길,32636,50,50,15,13,17,18,25,0
1000390,갈현로1길,29526,48,52,13,16,17,17,21,0
1000391,갈현로33길,27253,48,52,15,15,17,17,21,0
1000392,갈현로41길,25450,49,51,15,14,16,18,25,0
1000393,갈현로7길,32322,49,51,13,16,17,18,22,0
1000394,불광천길,29788,48,52,14,16,17,16,25,0
1000395,서오릉로21길,26281,49,51,13,13,17,19,24,0
1000396,서오릉로8길,29530,48,52,14,16,16,17,25,0
1000397,수색로18길,6365,49,51,14,14,15,19,30,0
1000398,역말로9길,35509,47,53,14,16,17,17,23,0
1000399,연서로11길,30918,48,52,14,15,17,17,22,0
1000400,연서로13길,35315,47,53,14,15,18,18,21,0
1000401,연서로16길,36492,47,53,14,16,18,17,22,0
1000402,연서로17길,30050,47,53,14,15,18,19,21,0
1000403,연서로21길,33793,48,52,14,16,18,18,21,0
1000404,연서로27길,28876,47,53,16,17,17,16,21,0
1000405,연서로28길,29454,46,54,16,17,17,17,22,0
1000406,연서로29길,18208,46,54,17,17,17,17,21,0
1000407,연서로33길,23536,47,53,15,15,16,17,26,0
1000408,연서로34길,24972,48,52,14,15,16,17,26,0
1000409,연서로3길,30051,48,52,14,16,17,16,21,0
1000410,연서로41길,24518,49,51,13,15,17,18,25,0
1000411,연서로5길,32271,48,52,13,16,18,17,22,0
1000412,은평로10길,29089,47,53,12,15,18,17,24,0
1000413,은평로13길,34708,48,52,12,16,19,18,24,0
1000414,은평로20길,10525,48,52,13,17,16,17,26,0
1000415,은평로3길,31298,47,53,14,17,18,17,22,0
1000416,은평로8길,30656,47,53,14,17,17,15,23,0
1000417,응암로12길,18237,49,51,13,13,17,18,28,0
1000418,응암로13길,20043,48,52,14,16,16,18,27,0
1000419,응암로14길,25477,48,52,12,17,18,16,23,0
1000420,응암로22길,21433,48,52,11,16,18,16,24,0
1000421,응암로34길,27453,47,53,12,15,18,16,24,0
1000422,증산로13길,22619,50,50,13,15,16,18,27,0
1000423,증산로15길,21334,50,50,13,14,17,18,26,0
1000424,증산로17길,24652,49,51,13,15,16,18,26,0
1000425,증산로21길,36792,49,51,14,16,16,17,23,0
1000426,증산로5길,17411,50,50,12,14,17,18,26,0
1000427,증산로9길,20055,50,50,13,15,17,18,25,0
1000428,증산서길,18835,57,43,12,14,15,17,32,0
1000429,진흥로12길,38452,48,52,14,17,17,17,24,0
1000430,진흥로1길,37806,47,53,13,17,17,17,23,0
1000431,통일로69길,19616,47,53,15,16,16,17,25,0
1000432,통일로78길,28326,47,53,16,16,15,17,25,0
1000433,통일로87길,24079,48,52,16,17,16,17,23,0
1000434,통일로92길,30048,49,51,16,16,15,17,24,0
1000435,가재울로6길,29020,49,51,13,15,17,15,23,0
1000436,독립문로8길,32009,48,52,14,16,18,17,21,0
1000437,명지대길,23447,50,50,19,14,16,17,22,0
1000438,모래내로15길,46583,48,52,12,16,18,15,20,0
1000439,북아현로4길,26740,52,48,15,19,17,18,23,0
1000440,세검정로1길,17334,47,53,12,13,16,17,28,0
1000441,세무서2길,21026,47,53,14,14,16,18,27,0
1000442,세무서길,23158,47,53,14,14,16,18,27,0
1000443,수색로8길,26346,58,42,10,12,14,16,34,0
1000444,신촌로37길,20200,51,49,15,20,18,17,21,0
1000445,연희로10길,17142,51,49,31,18,14,13,16,0
1000446,응암로1길,28393,50,50,13,16,17,18,24,0
1000447,증가로10길,22326,49,51,18,14,16,17,24,0
1000448,증가로20가길,28919,49,51,16,14,17,17,21,0
1000449,증가로23나길,40980,48,52,14,14,17,18,24,0
1000450,증가로6길,21154,50,50,16,14,16,17,25,0
1000451,충정로4길,45074,58,42,16,30,24,15,12,0
1000452,충정로6길,92439,59,41,16,33,29,17,5,0
1000453,통일로11길,11442,47,53,13,16,18,17,21,0
1000454,통일로37길,17255,46,54,13,14,17,18,27,0
1000455,통일로39길,14526,47,53,14,13,16,18,27,0
1000456,홍연길,13921,50,50,14,14,17,17,26,0
1000457,홍제내길,18001,47,53,13,14,17,17,25,0
1000458,광성로6길,21616,51,49,17,16,18,16,20,0
1000459,대흥로21길,24677,48,52,23,19,17,15,19,0
1000460,대흥로28길,12237,45,55,24,18,17,15,18,0
1000461,도화4길,43400,49,51,15,20,18,18,19,0
1000462,도화길,47032,54,46,16,23,21,18,15,0
1000463,독막로22길,16853,48,52,14,20,20,15,16,0
1000464,독막로32길,27146,50,50,15,17,19,16,21,0
1000465,독막로8길,16462,51,49,24,28,17,12,13,0
1000466,동교로17길,33240,51,49,19,25,21,15,15,0
1000467,동교로19길,30378,53,47,18,26,22,16,13,0
1000468,동교로25길,29103,49,51,22,27,20,14,13,0
1000469,동교로27길,32118,47,53,22,25,18,14,16,0
1000470,동교로38길,17834,50,50,22,24,17,13,16,0
1000471,마포대로12길,38817,53,47,19,27,23,16,11,0
1000472,마포대로20길,33919,50,50,16,24,20,15,15,0
1000473,마포대로4길,32240,54,46,15,23,21,18,17,0
1000474,만리재옛길,34024,48,52,18,21,19,16,17,0
1000475,망원로11길,27552,49,51,15,19,19,15,19,0
1000476,망원로2길,32651,49,51,15,20,17,15,20,0
1000477,매봉산로2길,37796,59,41,20,32,23,12,9,0
1000478,모래내로7길,19070,49,51,15,15,18,16,21,0
1000479,방울내로9안길,32431,46,54,13,16,18,17,23,0
1000480,백범로16길,59892,55,45,15,19,21,25,13,0
1000481,성미산로11길,26126,50,50,16,22,19,15,18,0
1000482,성미산로1길,30854,49,51,16,18,19,16,20,0
1000483,성미산로32길,16315,49,51,21,23,17,14,17,0
1000484,성산로4길,34255,47,53,17,19,18,17,20,0
1000485,성지3길,12996,50,50,19,25,17,15,17,0
1000486,숭문8길,24180,55,45,14,19,21,19,17,0
1000487,숭문길,49840,57,43,15,18,21,27,13,0
1000488,신촌로12길,22634,47,53,24,21,17,15,16,0
1000489,신촌로28가길,13196,47,53,17,18,16,17,17,0
1000490,신촌로30길,14607,47,53,15,19,16,17,18,0
1000491,양화로11길,24133,52,48,20,28,21,13,13,0
1000492,양화로1길,30732,48,52,19,26,19,12,14,0
1000493,양화진길,20474,50,50,19,27,19,13,14,0
1000494,와우산로29가길,14875,55,45,25,22,18,14,14,0
1000495,와우산로29길,13504,48,52,24,22,18,14,16,0
1000496,와우산로3길,16395,52,48,24,26,16,12,14,0
1000497,월드컵로10길,31708,49,51,19,24,19,14,17,0
1000498,월드컵로11길,28715,47,53,18,22,17,14,20,0
1000499,월드컵로16길,35268,49,51,18,21,19,15,18,0
1000500,월드컵로19길,27032,48,52,18,20,18,15,21,0
1000501,월드컵로25길,30244,48,52,14,18,18,15,20,0
1000502,월드컵로36길,35042,45,55,16,17,17,17,21,0
1000503,월드컵로7길,31953,51,49,19,26,20,14,15,0
1000504,월드컵로8길,35849,50,50,20,28,21,13,13,0
1000505,토정로37길,39317,54,46,13,21,23,17,15,0
1000506,효창원로93길,26272,48,52,17,17,18,18,20,0
1000507,가로공원로58길,15914,54,46,12,13,17,22,26,0
1000508,곰달래로10길,28824,52,48,12,17,17,18,23,0
1000509,곰달래로2길,24876,53,47,12,15,17,20,23,0
1000510,곰달래로3길,29416,51,49,13,14,17,20,24,0
1000511,곰달래로5길,32063,53,47,13,14,16,20,26,0
1000512,남부순환로33길,28741,53,47,13,15,15,18,27,0
1000513,남부순환로40길,22189,55,45,12,13,16,21,28,0
1000514,남부순환로58길,20428,52,48,13,14,16,21,24,0
1000515,남부순환로70길,28370,52,48,12,14,16,20,26,0
1000516,남부순환로79길,15832,50,50,12,13,18,19,22,0
1000517,남부순환로88길,16959,52,48,11,12,20,18,18,0
1000518,목동남로4길,19163,49,51,14,11,17,19,24,0
1000519,목동동로12길,31570,49,51,14,14,21,17,15,0
1000520,목동동로8길,18867,49,51,13,11,22,19,14,0
1000521,목동로19길,28108,50,50,13,17,19,19,21,0
1000522,목동로9길,29472,50,50,13,16,20,18,19,0
1000523,목동중앙남로3가길,27527,50,50,15,16,16,18,18,0
1000524,목동중앙로13나길,9045,54,46,15,20,20,17,13,0
1000525,목동중앙로3길,26711,49,51,15,12,20,18,15,0
1000526,목동중앙본로7길,28775,49,51,15,15,17,19,18,0
1000527,목동중앙북로16길,25298,49,51,16,22,16,16,18,0
1000528,목동중앙북로8길,25033,48,52,15,18,15,17,23,0
1000529,목동중앙서로7길,32986,49,51,15,15,18,18,19,0
1000530,목동중앙서로8가길,19796,49,51,14,15,18,18,19,0
1000531,신목로2길,27191,48,52,14,11,19,19,18,0
1000532,신목로5길,26746,48,52,13,11,21,19,16,0
1000533,신목로6길,30824,48,52,14,11,20,18,17,0
1000534,신월로15길,28758,50,50,12,14,17,19,24,0
1000535,신월로20길,20321,49,51,12,16,16,17,24,0
1000536,오목로23길,29154,51,49,14,18,17,17,22,0
1000537,오목로30길,31594,51,49,14,16,17,18,25,0
1000538,오목로3길,29884,53,47,11,15,17,18,23,0
1000539,오목로5길,30112,51,49,11,16,17,17,23,0
1000540,은행정로5길,18539,49,51,12,14,19,17,20,0
1000541,은행정로7길,28310,51,49,13,15,17,17,24,0
1000542,중앙로25길,19096,50,50,12,14,17,19,23,0
1000543,중앙로32길,19012,51,49,13,14,20,17,19,0
1000544,중앙로36길,17842,49,51,12,13,20,17,18,0
1000545,중앙로45길,22556,49,51,13,15,17,18,24,0
1000546,중앙로47길,19653,50,50,12,14,16,19,25,0
1000547,중앙로51길,31561,49,51,12,16,17,17,23,0
1000548,중앙로55길,27908,51,49,12,17,17,18,23,0
1000549,지양로7길,20563,50,50,12,14,16,19,26,0
1000550,화곡로3길,18822,50,50,14,16,17,18,18,0
1000551,화곡로4길,21619,53,47,13,15,16,19,25,0
1000552,가로공원로76가길,35609,49,51,14,19,15,17,22,0
1000553,가로공원로80길,29912,49,51,14,20,15,17,21,0
1000554,강서로15길,44719,49,51,16,21,15,16,22,0
1000555,강서로17가길,29220,48,52,15,21,15,16,22,0
1000556,강서로18길,44516,48,52,14,19,16,15,21,0
1000557,강서로29길,30541,48,52,15,21,16,16,20,0
1000558,강서로35길,28509,48,52,15,18,16,17,21,0
1000559,강서로45길,18542,47,53,12,15,18,16,20,0
1000560,강서로45다길,30926,49,51,14,16,16,17,22,0
1000561,강서로47길,32305,47,53,13,14,21,17,15,0
1000562,강서로47라길,26643,46,54,13,14,21,17,15,0
1000563,강서로5가길,26775,49,51,16,22,16,15,21,0
1000564,강서로5나길,28547,51,49,17,23,15,16,21,0
1000565,강서로5라길,28661,49,51,13,18,18,16,21,0
1000566,강서로8길,31807,49,51,14,20,17,16,21,0
1000567,개화동로23길,32005,54,46,19,19,15,17,21,0
1000568,개화동로25길,27934,59,41,22,22,17,17,17,0
1000569,곰달래로25길,27950,47,53,15,20,16,15,22,0
1000570,곰달래로31길,32322,48,52,13,19,18,15,20,0
1000571,곰달래로47길,28644,49,51,13,17,18,16,19,0
1000572,곰달래로53길,28498,49,51,14,17,17,17,20,0
1000573,곰달래로60길,23145,48,52,14,18,17,18,22,0
1000574,공항대로38길,14089,46,54,15,17,21,16,16,0
1000575,공항대로42길,18415,48,52,12,15,20,19,20,0
1000576,공항대로55길,28326,52,48,19,25,18,15,15,0
1000577,공항대로59길,27907,51,49,17,23,17,16,15,0
1000578,공항대로59다길,34333,52,48,13,20,20,17,15,0
1000579,공항대로61길,26019,51,49,15,22,18,16,15,0
1000580,공항대로8길,25691,56,44,16,20,18,16,19,0
1000581,국회대로7길,26589,48,52,13,18,17,18,23,0
1000582,까치산로4길,34459,48,52,15,20,17,15,19,0
1000583,남부순환로11길,23267,57,43,14,21,20,16,17,0
1000584,등촌로13길,28833,49,51,14,17,17,18,21,0
1000585,등촌로39길,21506,49,51,15,17,15,18,22,0
1000586,등촌로51길,20056,49,51,16,21,15,16,20,0
1000587,등촌로55길,20754,50,50,16,22,16,16,19,0
1000588,등촌로5길,24261,49,51,14,18,16,18,22,0
1000589,방화대로21길,20814,51,49,16,17,15,17,24,0
1000590,방화대로6라길,19064,58,42,13,21,23,17,15,0
1000591,양천로14길,34890,54,46,13,18,17,18,21,0
1000592,양천로24가길,28116,50,50,13,17,17,17,22,0
1000593,양천로24길,27804,50,50,13,18,16,17,22,0
1000594,양천로26길,24702,49,51,16,20,16,15,19,0
1000595,양천로49길,16106,55,45,17,21,16,19,18,0
1000596,양천로71길,34108,50,50,12,16,21,15,14,0
1000597,양천로73가길,29284,52,48,13,19,20,16,15,0
1000598,우장산로6길,29237,48,52,12,13,21,16,15,0
1000599,월정로20길,26838,51,49,16,22,15,16,21,0
1000600,초록마을로3길,27062,51,49,15,20,17,15,20,0
1000601,초록마을로8길,32653,48,52,14,19,17,15,18,0
1000602,초원로16길,29005,49,51,14,17,16,16,23,0
1000603,화곡로13길,31000,49,51,14,17,16,17,21,0
1000604,화곡로20길,32362,50,50,14,18,16,17,21,0
1000605,화곡로31길,35548,48,52,15,19,16,16,20,0
1000606,화곡로44나길,28300,54,46,14,20,18,18,20,0
1000607,화곡로59길,27447,53,47,17,19,18,21,18,0
1000608,화곡로64길,41425,52,48,20,25,18,17,14,0
1000609,개봉로11길,34302,49,51,12,14,15,17,30,0
1000610,개봉로17길,33580,48,52,13,16,16,18,24,0
1000611,개봉로17다길,34391,49,51,13,18,15,16,25,0
1000612,개봉로1길,19965,51,49,11,14,14,15,34,0
1000613,개봉로20길,32581,49,51,12,16,16,16,24,0
1000614,개봉로23가길,30539,50,50,12,17,17,16,24,0
1000615,개봉로2길,28655,49,51,11,14,15,15,31,0
1000616,개봉로3길,25140,50,50,11,14,15,16,32,0
1000617,경인로15길,21565,49,51,14,17,16,16,23,0
1000618,경인로31길,17742,50,50,13,13,16,20,26,0
1000619,경인로35길,26346,50,50,12,14,16,19,27,0
1000620,경인로47길,21383,52,48,14,15,17,19,24,0
1000621,고척로21나길,23646,50,50,13,14,16,18,25,0
1000622,고척로27길,23251,49,51,13,15,17,18,23,0
1000623,고척로27다길,23820,49,51,13,14,17,19,23,0
1000624,고척로52길,23249,51,49,12,14,17,19,24,0
1000625,공원로6가길,37393,56,44,17,24,18,16,16,0
1000626,구로동로15길,35241,65,35,19,27,22,15,14,0
1000627,구로동로28길,24762,49,51,14,18,18,18,23,0
1000628,구로동로38길,19566,52,48,12,15,18,21,25,0
1000629,구로동로41길,16757,51,49,12,14,17,19,26,0
1000630,구로동로42길,25118,50,50,13,15,17,19,26,0
1000631,구로동로7길,41980,63,37,17,24,22,16,17,0
1000632,구로동로8길,38857,49,51,13,17,17,17,25,0
1000633,구로중앙로19길,19688,51,49,15,18,18,20,22,0
1000634,구로중앙로28길,45051,54,46,15,20,19,18,21,0
1000635,구로중앙로34길,21326,51,49,13,17,18,19,25,0
1000636,구로중앙로42길,25228,57,43,13,25,22,17,14,0
1000637,구로중앙로7길,23765,49,51,11,16,18,18,26,0
1000638,구로중앙로8길,23153,49,51,14,16,17,18,25,0
1000639,남부순환로97길,21715,49,51,12,17,16,15,26,0
1000640,도림로12길,30766,54,46,13,20,19,16,21,0
1000641,도림로6길,20122,53,47,13,16,18,19,26,0
1000642,디지털로27길,66262,62,38,19,31,23,14,11,0
1000643,디지털로32가길,60977,60,40,23,35,22,11,8,0
1000644,디지털로32길,49989,58,42,22,34,23,12,8,0
1000645,부일로11길,18593,50,50,13,14,17,18,22,0
1000646,부일로15길,13844,51,49,13,14,17,18,24,0
1000647,부일로1길,12588,56,44,11,18,17,18,23,0
1000648,새말로18길,37056,56,44,17,25,17,16,17,0
1000649,신도림로13길,16451,54,46,11,16,20,18,19,0
1000650,오류로8길,23823,49,51,15,20,15,15,24,0
1000651,우마길,26750,60,40,15,24,22,18,17,0
1000652,중앙로15길,18505,50,50,12,15,18,17,21,0
1000653,중앙로1길,24274,52,48,13,16,18,19,22,0
1000654,가산로3길,46778,65,35,17,27,22,18,12,0
1000655,가산로5길,46944,65,35,19,29,23,15,10,0
1000656,금하로14길,17951,50,50,14,14,17,19,25,0
1000657,금하로1길,7453,49,51,13,13,17,19,25,0
1000658,금하로24길,23190,50,50,13,12,17,20,26,0
1000659,남부순환로112길,26880,56,44,22,25,16,16,15,0
1000660,독산로108길,31040,53,47,14,17,16,18,26,0
1000661,독산로40길,24549,49,51,13,13,16,20,25,0
1000662,독산로50길,16309,49,51,14,14,16,19,23,0
1000663,독산로64길,21715,50,50,14,13,17,22,23,0
1000664,독산로70길,25077,51,49,14,13,17,22,23,0
1000665,독산로78다길,24304,50,50,14,12,16,22,24,0
1000666,독산로85길,16327,50,50,13,13,16,22,25,0
1000667,문성로5길,27705,51,49,15,16,16,20,23,0
1000668,범안로11길,44371,64,36,17,28,23,18,11,0
1000669,범안로17길,19196,61,39,17,23,19,20,16,0
1000670,벚꽃로56길,97524,61,39,25,30,22,13,8,0
1000671,시흥대로120길,23017,52,48,14,14,17,22,24,0
1000672,시흥대로138길,14807,53,47,15,17,17,21,22,0
1000673,시흥대로141길,24938,55,45,20,21,15,18,18,0
1000674,시흥대로150길,29651,51,49,16,17,16,20,22,0
1000675,시흥대로153길,22803,56,44,20,22,15,18,18,0
1000676,시흥대로22길,15353,54,46,12,15,17,20,25,0
1000677,시흥대로36길,13185,51,49,13,16,17,19,23,0
1000678,시흥대로62가길,27382,47,53,13,13,16,21,27,0
1000679,시흥대로63길,23508,48,52,14,21,17,20,19,0
1000680,시흥대로68길,36350,48,52,14,16,15,19,24,0
1000681,시흥대로84길,32217,50,50,14,14,15,20,24,0
1000682,시흥대로94길,30841,52,48,14,16,17,22,22,0
1000683,가마산로61길,18071,50,50,13,14,16,19,26,0
1000684,경인로77길,34448,53,47,18,26,23,15,13,0
1000685,경인로80길,29713,55,45,17,26,23,16,14,0
1000686,경인로90길,28766,53,47,18,27,24,14,12,0
1000687,국회대로56길,32779,56,44,19,25,20,16,16,0
1000688,당산로31길,38477,51,49,17,23,19,19,17,0
1000689,당산로37길,50033,43,57,21,26,21,14,13,0
1000690,당산로38길,38426,53,47,19,25,17,15,16,0
1000691,당산로46길,33986,55,45,16,21,18,19,21,0
1000692,대림로22길,24505,50,50,14,13,16,20,27,0
1000693,대림로29길,24688,51,49,13,15,18,20,25,0
1000694,대림로31길,33749,57,43,15,20,20,20,20,0
1000695,대림로34길,23873,54,46,13,16,19,20,22,0
1000696,대림로44길,25979,53,47,13,17,18,20,21,0
1000697,대림로7길,17651,53,47,15,19,18,17,23,0
1000698,대림로8길,29277,48,52,17,17,17,17,23,0
1000699,도림로112길,25727,51,49,13,15,17,18,23,0
1000700,도림로147길,33049,57,43,15,22,21,18,16,0
1000701,도림로63길,18337,52,48,13,13,17,20,25,0
1000702,도림천로21길,34666,55,45,17,25,20,15,17,0
1000703,도신로15길,27560,51,49,15,19,16,17,23,0
1000704,도신로29길,23443,50,50,13,15,17,18,23,0
1000705,도신로60길,17156,51,49,13,15,17,18,25,0
1000706,도신로62길,21125,51,49,14,16,17,18,25,0
1000707,디지털로37길,25432,51,49,15,20,18,17,22,0
1000708,디지털로57길,18266,49,51,12,13,17,20,30,0
1000709,디지털로74길,19719,48,52,16,15,16,17,23,0
1000710,선유로55길,34056,60,40,18,30,24,14,11,0
1000711,선유서로24길,22041,53,47,13,21,20,17,22,0
1000712,선유서로25길,25130,56,44,14,25,19,15,18,0
1000713,선유서로28길,27389,55,45,16,22,20,17,19,0
1000714,신길로17길,18925,50,50,13,14,16,19,28,0
1000715,신길로39길,19744,50,50,12,13,17,19,26,0
1000716,신길로42가길,27526,51,49,12,13,17,19,26,0
1000717,신길로42길,17836,50,50,14,13,17,19,26,0
1000718,신길로60길,20873,51,49,13,15,16,19,28,0
1000719,양평로19길,57754,52,48,18,30,25,13,9,0
1000720,양평로22라길,28054,60,40,17,31,24,14,9,0
1000721,양평로28길,27398,59,41,16,29,23,15,10,0
1000722,여의대방로35길,18350,51,49,16,18,18,16,19,0
1000723,여의대방로39길,9451,50,50,16,17,18,18,19,0
1000724,여의대방로43나길,30221,51,49,13,14,18,18,21,0
1000725,여의대방로61길,16838,51,49,18,22,17,15,20,0
1000726,영등포로25길,30728,54,46,16,22,18,17,20,0
1000727,영등포로27길,31888,55,45,15,21,19,18,21,0
1000728,영등포로35길,20548,55,45,15,20,18,18,21,0
1000729,영등포로62길,16832,51,49,18,20,15,16,23,0
1000730,영등포로80길,22435,50,50,17,18,16,17,23,0
1000731,영등포로84길,24723,50,50,17,17,17,17,21,0
1000732,영신로9길,22100,53,47,12,15,16,19,26,0
1000733,국사봉1길,29136,47,53,18,19,16,15,21,0
1000734,국사봉2길,22334,47,53,19,20,16,15,20,0
1000735,국사봉길,31766,48,52,17,19,15,15,21,0
1000736,노량진로6길,23886,52,48,17,19,16,18,23,0
1000737,대방동27길,26226,50,50,17,17,18,16,17,0
1000738,대방동2길,42180,50,50,19,18,17,20,20,0
1000739,동작대로17길,27662,49,51,17,22,19,16,19,0
1000740,동작대로29길,22697,47,53,14,19,16,16,24,0
1000741,동작대로33길,31084,46,54,14,17,17,17,23,0
1000742,동작대로35길,27425,46,54,13,16,17,19,22,0
1000743,동작대로7길,33610,48,52,21,22,16,17,19,0
1000744,등용로14길,23107,53,47,16,20,18,17,21,0
1000745,만양로14길,15252,51,49,20,19,15,14,20,0
1000746,만양로8길,30695,50,50,17,17,15,15,22,0
1000747,사당로16가길,24480,48,52,16,18,15,15,25,0
1000748,사당로16길,31801,48,52,16,18,15,16,24,0
1000749,사당로20길,26960,49,51,19,20,15,15,21,0
1000750,사당로23길,24324,48,52,13,17,16,15,24,0
1000751,사당로23나길,19496,48,52,13,18,16,16,23,0
1000752,사당로26길,25328,48,52,21,22,15,15,20,0
1000753,사당로29길,23391,48,52,16,19,17,17,23,0
1000754,사당로2차길,18250,49,51,16,17,17,16,21,0
1000755,사당로30길,20597,51,49,19,22,18,16,18,0
1000756,사당로8길,26803,48,52,19,19,14,14,22,0
1000757,상도로15길,32847,48,52,18,18,16,17,22,0
1000758,상도로37길,24540,49,51,21,17,16,15,20,0
1000759,상도로47길,29636,49,51,24,18,16,15,18,0
1000760,상도로61길,21189,49,51,20,18,16,14,20,0
1000761,상도로62길,30631,49,51,19,17,17,14,18,0
1000762,서달로10길,15056,49,51,14,15,16,17,23,0
1000763,서달로14길,11714,47,53,14,14,16,17,27,0
1000764,서달로15길,6351,48,52,18,14,16,17,25,0
1000765,서달로8가길,13923,47,53,17,19,18,17,20,0
1000766,성대로1길,23098,48,52,17,18,16,16,23,0
1000767,성대로29길,27820,48,52,16,18,16,16,23,0
1000768,신대방길,28150,50,50,17,18,17,16,21,0
1000769,양녕로26길,18568,49,51,14,18,17,16,21,0
1000770,여의대방로22길,39406,52,48,19,20,17,20,19,0
1000771,여의대방로22나길,44374,53,47,17,21,20,21,17,0
1000772,여의대방로22카길,46786,51,49,19,19,17,19,19,0
1000773,여의대방로24길,69705,53,47,18,20,19,22,18,0
1000774,여의대방로46길,26475,49,51,15,16,20,15,17,0
1000775,장승배기로10길,26065,49,51,15,17,17,16,22,0
1000776,장승배기로19길,23601,50,50,17,15,14,19,26,0
1000777,장승배기로27길,24116,54,46,17,20,17,19,21,0
1000778,흑석로13길,13984,48,52,21,21,17,16,18,0
1000779,흑석로9길,14916,48,52,23,20,17,15,17,0
1000780,관악로10길,27666,52,48,26,22,15,14,15,0
1000781,관악로14길,27076,49,51,29,22,14,13,16,0
1000782,관악로28길,25755,49,51,16,17,16,15,23,0
1000783,관악로30길,29948,48,52,14,17,16,16,22,0
1000784,관천로15길,30137,50,50,23,20,15,14,19,0
1000785,관천로22길,43926,52,48,23,26,19,12,14,0
1000786,구암길,31812,48,52,11,14,19,16,22,0
1000787,국회단지길,35551,49,51,14,17,17,16,22,0
1000788,낙성대역길,32116,51,49,26,23,14,12,17,0
1000789,난곡로24길,18153,51,49,13,13,16,18,26,0
1000790,난곡로26길,22451,50,50,14,14,16,19,24,0
1000791,난곡로34길,23711,50,50,15,14,16,18,23,0
1000792,난곡로74길,18445,49,51,23,20,15,14,20,0
1000793,난우길,25163,49,51,14,14,17,18,23,0
1000794,난향길,16175,50,50,11,13,19,17,26,0
1000795,남부순환로142길,28572,53,47,16,17,15,15,26,0
1000796,남부순환로151길,27435,50,50,22,20,16,16,18,0
1000797,남부순환로161길,29109,51,49,21,19,16,16,19,0
1000798,남부순환로172길,26923,50,50,23,19,15,16,19,0
1000799,남부순환로234길,18046,53,47,27,22,14,12,18,0
1000800,남부순환로248길,22864,48,52,23,22,14,13,18,0
1000801,남현2길,30180,49,51,21,22,15,15,20,0
1000802,남현3길,22848,47,53,21,23,16,17,17,0
1000803,남현길,20687,49,51,19,21,15,15,20,0
1000804,당곡길,31985,50,50,20,22,18,14,17,0
1000805,대학14길,19088,62,38,25,19,17,14,17,0
1000806,대학길,21100,61,39,27,20,16,14,16,0
1000807,미성5길,25932,49,51,14,14,17,18,23,0
1000808,법원단지9길,25685,49,51,15,14,16,18,23,0
1000809,법원단지길,21189,49,51,15,14,16,18,23,0
1000810,복은길,27234,55,45,24,20,14,14,19,0
1000811,봉천로13길,32095,49,51,18,19,15,15,21,0
1000812,봉천로33길,34823,49,51,18,19,15,15,22,0
1000813,서림7길,23216,60,40,29,22,15,12,15,0
1000814,승방길,21557,48,52,20,22,16,18,17,0
1000815,신림동길,31931,51,49,32,25,13,11,15,0
1000816,신림로11길,25328,61,39,27,20,15,14,16,0
1000817,신림로28길,27360,56,44,24,20,15,14,19,0
1000818,신림로38길,20658,53,47,21,19,14,15,21,0
1000819,신림로48길,21399,51,49,24,20,14,14,20,0
1000820,신림로64길,24952,50,50,28,23,14,13,17,0
1000821,신림로65길,24135,50,50,32,24,13,11,16,0
1000822,신사로20길,16945,50,50,22,19,15,14,20,0
1000823,신원로3길,25851,50,50,25,20,13,13,21,0
1000824,양녕로6길,32463,49,51,24,20,14,14,20,0
1000825,은천로25길,27321,48,52,13,16,19,14,20,0
1000826,인헌길,26090,49,51,18,19,16,15,20,0
1000827,장군봉1길,20459,49,51,22,20,15,14,22,0
1000828,장군봉2길,17576,50,50,21,21,15,14,21,0
1000829,조원로10길,37853,56,44,20,27,19,15,15,0
1000830,조원로18길,24227,54,46,19,20,15,15,24,0
1000831,조원중앙로2길,34531,53,47,16,18,15,17,25,0
1000832,중앙길,37144,48,52,21,19,15,14,21,0
1000833,청룡8길,20648,51,49,22,19,15,14,21,0
1000834,청룡길,32358,50,50,31,21,13,12,17,0
1000835,청림3길,40219,49,51,13,17,16,16,23,0
1000836,행운1길,25957,50,50,26,21,14,13,19,0
1000837,행운길,34837,51,49,26,24,14,12,17,0
1000838,호암로20길,23824,58,42,24,19,16,14,20,0
1000839,호암로24길,25491,59,41,26,20,16,14,18,0
1000840,양산길,17999,52,48,16,17,15,17,25,0
1000841,양지길,14546,53,47,15,14,16,17,29,0
1000842,원신길,14827,50,50,14,14,15,18,28,0
1000843,소담길,20319,52,48,21,18,15,15,22,0
1000844,강남대로23길,31006,63,37,16,25,23,20,13,0
1000845,강남대로34길,51491,58,42,19,29,20,15,14,0
1000846,강남대로8길,113388,84,16,10,21,27,36,5,0
1000847,고무래로8길,57276,45,55,17,26,24,15,10,0
1000848,남부순환로317길,26414,56,44,17,24,21,15,14,0
1000849,남부순환로325길,40601,53,47,15,29,22,16,13,0
1000850,남부순환로339길,52634,51,49,22,24,22,18,10,0
1000851,논현로1길,29746,54,46,13,22,21,18,16,0
1000852,논현로27길,51598,65,35,16,28,23,17,14,0
1000853,동광로12길,33919,49,51,14,18,21,17,19,0
1000854,동광로1길,29430,48,52,14,17,20,17,17,0
1000855,동광로39길,17323,49,51,15,20,20,15,16,0
1000856,동산로10길,27858,54,46,14,22,20,18,17,0
1000857,동산로19길,32751,57,43,13,22,23,19,15,0
1000858,방배천로4안길,23571,52,48,16,20,19,17,19,0
1000859,마방로2길,26803,61,39,15,25,23,19,14,0
1000860,바우뫼로39길,51999,61,39,16,27,21,17,16,0
1000861,반포대로9길,16809,52,48,16,17,20,17,16,0
1000862,방배로18길,24752,52,48,18,24,18,13,17,0
1000863,방배로35길,26493,51,49,13,17,20,16,19,0
1000864,방배로42길,20214,50,50,13,16,20,16,19,0
1000865,사임당로17길,35730,54,46,17,28,23,15,12,0
1000866,사평대로22길,18263,51,49,15,19,21,15,16,0
1000867,사평대로26길,13534,49,51,15,19,21,15,15,0
1000868,사평대로57길,28016,54,46,20,30,22,14,12,0
1000869,서초대로15길,32522,51,49,14,21,22,16,17,0
1000870,서초대로23길,32000,55,45,15,23,22,15,16,0
1000871,서초대로25길,34712,55,45,17,24,21,15,15,0
1000872,서초대로4길,28770,51,49,14,18,19,17,20,0
1000873,서초대로64길,29530,51,49,15,21,21,15,15,0
1000874,서초대로8길,28699,49,51,14,19,19,16,20,0
1000875,신반포로45길,32123,51,49,17,24,20,14,15,0
1000876,언남길,29704,62,38,14,25,24,18,13,0
1000877,주흥15길,31191,52,48,19,27,20,12,14,0
1000878,주흥길,31002,55,45,18,27,20,13,14,0
1000879,청두곶길,37854,51,49,15,20,19,19,18,0
1000880,효령로23길,33103,53,47,18,22,19,15,17,0
1000881,효령로31길,32039,53,47,18,24,20,14,16,0
1000882,효령로34길,15680,53,47,15,18,17,17,23,0
1000883,효령로72길,35436,61,39,18,26,25,15,10,0
1000884,방배중앙로21길,26380,48,52,14,16,20,18,19,0
1000885,서초중앙로8길,52352,59,41,17,26,23,16,12,0
1000886,강남대로118길,29782,50,50,25,29,18,11,12,0
1000887,강남대로136길,44168,53,47,20,31,23,13,11,0
1000888,강남대로140길,36002,51,49,21,31,21,14,10,0
1000889,개포로17길,40187,58,42,14,23,24,20,14,0
1000890,개포로20길,42561,58,42,13,23,25,20,13,0
1000891,개포로28길,28600,55,45,13,21,24,20,14,0
1000892,개포로82길,8008,48,52,14,11,19,20,19,0
1000893,남부순환로365길,40397,51,49,18,22,20,16,14,0
1000894,논현로106길,35371,54,46,19,29,20,14,14,0
1000895,논현로10길,29353,55,45,13,21,22,19,16,0
1000896,논현로115길,43232,53,47,23,31,20,11,12,0
1000897,논현로123길,24417,51,49,21,29,20,13,14,0
1000898,논현로139길,47289,52,48,24,32,21,12,10,0
1000899,논현로159길,21718,43,57,25,29,20,11,11,0
1000900,논현로26길,56477,63,37,16,27,22,16,16,0
1000901,논현로28길,61694,56,44,18,27,25,16,12,0
1000902,논현로63길,54333,61,39,16,26,23,16,13,0
1000903,논현로8길,19727,54,46,14,21,20,17,16,0
1000904,도곡로37길,65269,51,49,20,24,22,14,11,0
1000905,도산대로15길,29389,47,53,25,32,20,11,9,0
1000906,도산대로23길,31916,49,51,24,31,21,11,9,0
1000907,도산대로30길,34674,50,50,24,32,22,12,8,0
1000908,도산대로38길,35855,54,46,22,32,23,13,8,0
1000909,도산대로50길,40079,55,45,19,26,21,17,13,0
1000910,도산대로81길,29356,39,61,29,29,18,10,10,0
1000911,도산대로89길,24293,47,53,21,26,21,14,12,0
1000912,봉은사로109길,88418,72,28,16,25,24,21,11,0
1000913,봉은사로29길,41696,55,45,21,29,21,13,12,0
1000914,봉은사로43길,45588,54,46,19,29,20,13,12,0
1000915,봉은사로57길,28173,53,47,18,26,22,14,12,0
1000916,봉은사로68길,55819,62,38,17,37,25,11,7,0
1000917,삼성로115길,28302,50,50,15,22,21,12,14,0
1000918,삼성로147길,24668,46,54,20,26,20,12,13,0
1000919,삼성로57길,29527,50,50,17,16,22,15,10,0
1000920,삼성로63길,28831,48,52,16,13,22,17,12,0
1000921,삼성로64길,39388,55,45,17,19,24,17,11,0
1000922,삼성로69길,34299,50,50,17,18,22,16,13,0
1000923,삼성로75길,50270,58,42,17,26,25,15,10,0
1000924,선릉로121길,29835,54,46,18,28,22,15,12,0
1000925,선릉로132길,44507,46,54,18,24,22,14,11,0
1000926,선릉로133길,33197,55,45,19,26,22,16,12,0
1000927,선릉로146길,28037,48,52,22,28,20,12,12,0
1000928,선릉로18길,6521,49,51,13,15,16,20,24,0
1000929,압구정로2길,28885,49,51,22,26,21,12,12,0
1000930,언주로81길,136243,58,42,20,29,25,17,6,0
1000931,영동대로112길,115750,68,32,19,29,24,18,8,0
1000932,영동대로65길,53681,59,41,15,23,24,18,14,0
1000933,일원로3길,20342,51,49,15,16,18,18,20,0
1000934,일원로9길,26179,42,58,20,21,17,15,16,0
1000935,테헤란로81길,75956,63,37,18,37,28,12,4,0
1000936,학동로38길,40535,56,44,20,28,21,13,14,0
1000937,학동로56길,38111,52,48,19,26,22,14,10,0
1000938,학동로6길,33211,52,48,21,30,21,12,13,0
1000939,학동로77길,34927,45,55,15,23,22,15,14,0
1000940,거마로20길,22768,50,50,12,13,17,20,25,0
1000941,동남로20길,27420,50,50,15,15,18,18,18,0
1000942,마천로51길,24554,51,49,11,13,16,20,28,0
1000943,백제고분로21길,32211,50,50,15,21,19,16,16,0
1000944,백제고분로22길,37249,51,49,15,22,17,17,17,0
1000945,백제고분로31길,43767,50,50,15,22,18,16,19,0
1000946,백제고분로32길,38708,50,50,15,22,18,17,17,0
1000947,백제고분로33길,38551,52,48,16,24,17,15,18,0
1000948,백제고분로34길,39567,50,50,15,22,18,16,18,0
1000949,백제고분로39길,29962,53,47,17,26,18,15,16,0
1000950,백제고분로42길,29866,50,50,16,21,16,18,19,0
1000951,백제고분로45길,39617,53,47,16,23,17,17,17,0
1000952,백제고분로46길,36208,50,50,16,20,17,18,19,0
1000953,백제고분로50길,51759,52,48,15,22,18,18,17,0
1000954,삼전로13길,53001,49,51,15,21,19,16,17,0
1000955,송이로23길,38176,52,48,15,20,19,17,16,0
1000956,송이로32길,40028,53,47,16,19,17,19,19,0
1000957,송이로36길,38756,53,47,19,26,18,15,13,0
1000958,송파대로30길,56347,58,42,13,21,20,20,22,0
1000959,양재대로62길,52283,57,43,12,18,17,18,30,0
1000960,양재대로64길,40589,54,46,14,19,17,17,24,0
1000961,양재대로71길,27755,54,46,15,18,18,18,20,0
1000962,양재대로72길,34279,54,46,13,15,18,19,24,0
1000963,오금로11길,52056,54,46,16,25,19,18,17,0
1000964,오금로36길,31898,55,45,16,21,18,19,16,0
1000965,오금로46길,29481,49,51,15,16,16,18,19,0
1000966,풍성로25길,22135,49,51,14,18,17,18,24,0
1000967,강동대로53길,27963,53,47,14,18,20,18,19,0
1000968,고덕로10길,31432,49,51,13,17,17,17,23,0
1000969,고덕로25길,17194,49,51,12,16,17,18,20,0
1000970,고덕로61길,19794,50,50,11,16,19,15,16,0
1000971,구천면로36길,31280,51,49,13,16,15,19,25,0
1000972,구천면로41길,36493,50,50,14,17,16,19,23,0
1000973,구천면로42길,39001,50,50,14,16,16,18,24,0
1000974,동남로65길,17988,47,53,14,14,19,17,18,0
1000975,동남로82길,6922,52,48,13,12,15,22,26,0
1000976,동남로85길,17146,51,49,12,15,18,17,19,0
1000977,명일로13길,29894,50,50,14,17,16,18,21,0
1000978,상암로14길,29153,50,50,14,18,17,18,23,0
1000979,상암로4길,29593,49,51,13,20,17,17,21,0
1000980,상암로51길,30609,49,51,13,15,17,18,22,0
1000981,상암로5길,29133,48,52,13,17,17,17,22,0
1000982,상일로5길,13093,59,41,16,24,16,17,17,0
1000983,성내로5길,36352,52,48,13,20,19,18,19,0
1000984,성안로3길,36576,53,47,13,20,20,18,19,0
1000985,암사길,46487,50,50,13,16,16,18,22,0
1000986,양재대로101길,41764,50,50,16,21,16,17,20,0
1000987,양재대로116길,22064,50,50,13,17,16,18,24,0
1000988,양재대로124길,34481,50,50,14,17,16,18,23,0
1000989,양재대로133길,35564,48,52,14,16,16,18,24,0
1000990,양재대로91길,31068,51,49,14,16,17,19,21,0
1000991,양재대로95길,33440,51,49,14,18,17,19,21,0
1000992,양재대로96길,28195,51,49,13,17,17,18,21,0
1000993,올림픽로48길,35658,55,45,12,21,21,20,19,0
1000994,올림픽로71길,20519,51,49,15,20,16,17,24,0
1000995,올림픽로77길,23463,50,50,15,21,16,18,22,0
1000996,올림픽로78길,20135,49,51,15,19,16,18,24,0
1000997,올림픽로80길,22161,50,50,13,15,16,20,27,0
1000998,올림픽로98길,33754,49,51,13,17,16,18,24,0
1000999,진황도로27길,49426,50,50,15,20,16,17,23,0
1001000,진황도로47길,28349,49,51,15,19,17,19,22,0
1001001,천중로39길,39609,50,50,14,17,16,18,24,0
1001002,천중로51길,35303,49,51,14,16,16,18,23,0
1001003,천호대로162길,36641,51,49,14,20,17,17,21,0
1001004,천호대로170길,44574,50,50,15,20,16,17,21,0
1001005,천호대로187길,32039,50,50,14,18,17,19,21,0
1001006,천호대로197길,28186,49,51,14,15,16,18,22,0
1001007,천호대로219길,10945,51,49,12,14,16,22,25,0
1001008,천호옛14길,24423,50,50,16,20,17,18,22,0
1001009,천호옛길,30420,50,50,14,18,16,18,23,0
1001010,풍성로37가길,35154,50,50,14,18,16,18,22,0
1001011,서울 금천구 시흥1동_4,322950,46,54,17,23,19,20,16,0
1001012,양재 화물트럭터미널앞_1,19141,51,49,11,23,26,23,16,0
1001013,양재 화물트럭터미널앞_2,22877,52,48,16,22,24,22,14,0
1001014,양재동 꽃시장,6233,58,42,25,26,19,16,10,0
1001015,서울 금천구 독산1동_1,221549,54,46,25,24,17,19,12,0
1001016,서울 관악구 대학동_1,426407,61,39,51,17,10,9,7,0
1001017,관악구 사당역_3,220730,54,46,32,20,13,17,17,0
1001018,포이사거리_2,10455,67,33,13,26,28,21,11,0
1001019,포이사거리_1,5944,56,44,12,30,31,21,5,0
1001020,장지역,68484,48,52,21,27,21,16,9,0
1001021,가산디지털단지역_1,28488,67,33,17,29,25,16,12,0
1001022,관악구 사당역_2,522883,54,46,28,19,14,18,18,0
1001023,가산디지털단지역_2,60488,61,39,29,31,22,11,6,0
1001024,관악구 사당역_1,667910,54,46,27,19,15,19,18,0
1001025,서울 관악구 서울대입구역_1,8651,45,55,40,24,12,9,11,0
1001026,구로디지털단지역,26611,64,36,23,23,20,22,12,0
1001027,가산디지털단지역_3,46785,65,35,20,34,27,14,5,0
1001028,서울 관악구 서울대입구역_2,251301,50,50,30,18,13,16,18,0
1001029,양재역_1,37463,55,45,22,22,18,17,19,0
1001030,양재역_2,12248,54,46,28,33,20,11,6,0
1001031,서울 관악구 신림역_1,1030607,54,46,48,19,10,9,8,0
1001032,서울 관악구 신림역_2,184398,53,47,42,19,11,11,11,0
1001033,서울 서초구 남부터미널역_1,212997,59,41,19,26,21,16,15,0
1001034,서울 서초구 방배역,444291,51,49,28,18,15,13,12,0
1001035,매봉역,76271,57,43,22,23,20,18,16,0
1001036,문정역,75758,56,44,26,25,17,15,10,0
1001037,양재역,541146,54,46,23,24,19,14,15,0
1001038,구로디지탈1단지,66492,63,37,20,35,25,12,6,0
1001039,서울 서초구 남부터미널역_2,12488,51,49,21,26,24,17,10,0
1001040,서울 관악구 신림역_3,621640,53,47,45,21,11,10,9,0
1001041,서울 강남구 수서역,17532,69,31,14,27,24,19,16,0
1001042,서울 서초구 남부터미널역_3,305626,53,47,26,21,17,14,12,0
1001043,동작구 총신대입구역_2,947384,50,50,27,19,16,16,16,0
1001044,양재역_3,5472,59,41,18,30,22,14,12,0
1001045,동작구 총신대입구역_1,1423836,54,46,32,20,14,14,13,0
1001046,서울 관악구 신림역_4,886251,52,48,43,21,11,11,10,0
1001047,뱅뱅사거리_1,12120,70,30,17,31,24,16,10,0
1001048,뱅뱅사거리,9720,60,40,31,34,19,10,4,0
1001049,개봉동 현대아파트 인근,280605,49,51,15,17,18,22,20,0
1001050,교대역_1,15927,56,44,18,29,24,17,10,0
1001051,보라매공원,19516,54,46,16,30,25,13,11,0
1001052,뱅뱅사거리_2,32067,67,33,20,31,27,14,6,0
1001053,서울 강남구 대치역_1,81731,45,55,13,13,21,16,13,0
1001054,서울 강남구 대치역_2,198642,43,57,12,11,22,16,14,0
1001055,서울 서초구 서초역,11896,40,60,28,28,23,15,5,0
1001056,서울 송파구 가락시장역,5599,61,39,13,28,25,19,15,0
1001057,교대역_2,5121,59,41,16,31,22,16,10,0
1001058,역삼역_1,341173,57,43,29,29,18,13,10,0
1001059,교대역_3,279275,58,42,17,22,22,18,18,0
1001060,가락시장,17284,62,38,14,23,25,24,13,0
1001061,방배동카페골목,112713,51,49,21,21,22,15,13,0
1001062,서울 강남구 강남역_1,138701,73,27,20,44,26,7,1,0
1001063,교대역_4,6153,55,45,19,26,24,16,12,0
1001064,대림역_1,35888,55,45,25,26,19,16,11,0
1001065,은마아파트입구사거리_1,75002,51,49,15,8,17,11,6,0
1001066,서울 강남구 강남역,43828,47,53,21,31,23,15,8,0
1001067,오류동역,5440,49,51,20,24,18,16,18,0
1001068,은마아파트입구사거리_2,50353,52,48,15,9,19,13,8,0
1001069,은마아파트입구사거리_3,75813,51,49,16,8,17,9,4,0
1001070,은마아파트입구사거리_4,132913,52,48,14,10,19,12,8,0
1001071,서울 강남구 한티역,433906,45,55,17,15,23,16,10,0
1001072,신대방삼거리역,302655,51,49,28,20,15,16,16,0
1001073,서울 강남구 역삼역_1,29995,61,39,20,34,24,12,8,0
1001074,대림역_2,10197,69,31,17,27,21,17,14,0
1001075,역삼역_2,220088,60,40,32,30,20,11,6,0
1001076,구로역,281662,49,51,24,24,19,17,11,0
1001077,선릉역_1,56710,54,46,19,27,26,21,6,0
1001078,서울 강남구 강남역_2,8727,53,47,22,29,22,13,10,0
1001079,석촌역,17509,51,49,22,22,17,18,14,0
1001080,서울 송파구 석촌역_1,69132,46,54,19,20,17,20,20,0
1001081,서울 강남구 역삼역_2,28741,77,23,20,34,27,16,2,0
1001082,선릉역_2,25040,51,49,24,30,22,14,8,0
1001083,서울 송파구 석촌역_2,125550,49,51,27,24,14,15,15,0
1001084,서울 강남구 선릉역_1,20640,42,58,31,27,18,15,8,0
1001085,서울 서초구 강남역,36972,55,45,23,34,21,13,9,0
1001086,고속터미널역,16485,29,71,31,33,21,12,3,0
1001087,서울 강남구 선릉역_2,9455,61,39,18,29,23,16,13,0
1001088,삼성역_1,36924,63,37,15,27,25,18,14,0
1001089,삼정역_1,221781,52,48,26,34,19,11,9,0
1001090,삼정역_2,273342,55,45,27,33,18,11,9,0
1001091,삼성역_2,18984,61,39,23,38,22,12,4,0
1001092,강남구 논현역_1,5558,56,44,17,31,25,14,11,0
1001093,신천역,8734,52,48,18,23,22,16,18,0
1001094,선정릉역_1,60791,56,44,27,30,20,12,9,0
1001095,강남구 논현역_2,14020,48,52,30,30,19,10,9,0
1001096,신도림역,6600,50,50,17,28,23,15,9,0
1001097,잠실역 롯데월드,23912,38,62,24,23,17,13,10,0
1001098,포스코사거리_1,45959,66,34,15,38,30,12,4,0
1001099,포스코사거리_2,8581,63,37,20,43,23,9,5,0
1001100,강남구 논현역_3,140843,57,43,28,30,20,13,9,0
1001101,선정릉역_2,10040,57,43,19,30,22,14,11,0
1001102,서울 강남구 학동역_1,6201,61,39,23,30,22,13,11,0
1001103,코엑스,22588,57,43,24,35,25,12,4,0
1001104,삼성역_3,10235,58,42,19,38,27,11,4,0
1001105,서울 동작구 노량진역,645191,58,42,67,16,5,5,3,0
1001106,서울 강남구 학동역_2,6138,53,47,16,26,20,11,27,0
1001107,방이동 먹자골목,6575,61,39,13,25,25,21,15,0
1001108,학동역,122276,57,43,27,29,20,13,11,0
1001109,강남구 논현역_4,8410,51,49,22,30,23,14,10,0
1001110,잠실역,7655,68,32,16,26,25,17,12,0
1001111,서울 강남구 강남구청역_1,477672,52,48,27,28,19,12,11,0
1001112,서울 강남구 학동역_3,9778,57,43,22,32,24,13,9,0
1001113,서울 동작구 노량진1동_1,71887,57,43,67,16,5,5,3,0
1001114,강남구 신사역_1,144840,55,45,27,25,19,14,11,0
1001115,서울 강남구 강남구청역_2,5420,60,40,36,27,20,10,6,0
1001116,영등포역_1,81217,58,42,38,18,13,14,14,0
1001117,강남구 신사역_2,8971,58,42,21,35,25,11,6,0
1001118,문래동 주민센터,81965,58,42,27,27,19,15,10,0
1001119,영등포역_2,1147889,57,43,34,18,14,15,17,0
1001120,도산공원사거리_1,10629,59,41,22,33,24,14,7,0
1001121,영등포역_3,893072,46,54,35,23,14,12,11,0
1001122,여의도 시범아파트앞,160306,52,48,15,24,21,17,20,0
1001123,학동사거리_1,390620,53,47,28,31,19,11,9,0
1001124,서울 영등포구 영등포시장역,370314,58,42,27,19,15,17,20,0
1001125,학동사거리_2,109733,50,50,32,32,17,10,7,0
1001126,서울 양천구 신정네거리역_2,14309,52,48,15,17,19,25,22,0
1001127,서울 영등포구 여의도역_1,52686,60,40,13,27,31,22,6,0
1001128,청담사거리_1,98945,45,55,28,29,18,12,10,0
1001129,청담사거리_2,89569,49,51,25,29,18,14,12,0
1001130,청담역_1,98112,51,49,19,27,21,16,14,0
1001131,청담역_2,210052,51,49,19,27,20,17,15,0
1001132,영등포유통상가,50985,57,43,21,23,22,19,14,0
1001133,청담사거리_3,71493,50,50,23,28,20,15,13,0
1001134,서울 영등포구 여의도역_2,49747,66,34,14,36,31,14,4,0
1001135,신사동 가로수길,26318,47,53,25,31,21,12,9,0
1001136,오목교역,194151,47,53,22,20,20,17,13,0
1001137,서울 강동구 둔촌동역,59611,55,45,18,17,17,20,18,0
1001138,압구정 로데오거리_1,9691,32,68,36,37,15,6,5,0
1001139,서울 영등포구 영등포구청역,5020,36,64,25,34,19,11,8,0
1001140,서울 강남구 압구정역,12130,45,55,25,26,19,13,14,0
1001141,압구정 로데오거리_2,17756,41,59,33,34,17,8,6,0
1001142,국회의사당역_1,5852,76,24,6,22,33,36,4,0
1001143,서울 용산구 신용산역,173501,58,42,27,30,21,12,8,0
1001144,국회의사당역_2,38804,58,42,20,34,24,16,6,0
1001145,용산 전자상가_1,14494,62,38,37,26,20,12,4,0
1001146,용산구청,18382,48,52,50,25,11,7,5,0
1001147,용산 전자상가_2,18909,75,25,22,31,23,13,9,0
1001148,목동사거리,56567,51,49,23,19,18,18,14,0
1001149,한남오거리,155970,50,50,27,27,19,14,13,0
1001150,서울 용산구 이태원역,767188,54,46,52,25,10,6,4,0
1001151,용산 전자상가_3,54323,73,27,18,29,25,16,11,0
1001152,서울 광진구 강변역,34489,51,49,28,21,15,16,14,0
1001153,당산역_1,525516,55,45,32,21,15,15,12,0
1001154,용산 전자상가_4,38887,72,28,20,24,21,21,13,0
1001155,용산 전자상가_5,146124,69,31,18,30,23,16,12,0
1001156,서울 강동구 길동역,1119708,52,48,21,21,19,19,16,0
1001157,서울 강동구 천호역_1,497540,45,55,31,20,14,16,14,0
1001158,당산역_2,5430,59,41,14,15,15,20,35,0
1001159,서울 강동구 천호역,160315,41,59,21,20,17,20,19,0
1001160,서울 광진구 구의역,369038,56,44,30,21,17,16,12,0
1001161,건대입구역,87473,42,58,30,23,16,14,12,0
1001162,서울 광진구 건대입구역_1,448610,48,52,47,17,11,10,7,0
1001163,서울 강동구 천호역_2,8735,48,52,19,24,18,16,20,0
1001164,서울 마포구 마포역_1,13978,59,41,17,23,22,21,16,0
1001165,서울 광진구 건대입구역_2,2292113,51,49,58,14,7,6,4,0
1001166,서울 마포구 마포역_2,1081124,54,46,19,25,23,17,13,0
1001167,서울 마포구 공덕역_1,5504,49,51,21,27,25,19,6,0
1001168,남영역,12549,44,56,30,31,23,12,2,0
1001169,서울 용산구 숙대입구역,137557,54,46,34,23,17,13,10,0
1001170,공덕역,7997,58,42,23,31,28,16,3,0
1001171,서울 마포구 공덕역_2,144754,55,45,21,25,21,19,13,0
1001172,어린이대공원역,398502,54,46,51,16,10,10,6,0
1001173,서울 강동구 명일역,519986,49,51,17,16,19,21,18,0
1001174,등촌역,172081,50,50,24,23,18,17,15,0
1001175,서울 강동구 고덕역,446684,54,46,18,14,15,16,16,0
1001176,서울 중구 약수역_1,36651,51,49,25,20,16,16,19,0
1001177,서울 중구 약수역_2,91081,51,49,25,24,16,16,17,0
1001178,서울 마포구 홍대입구역_1,392446,52,48,37,25,17,10,7,0
1001179,강서구청,6512,58,42,19,24,22,17,13,0
1001180,신촌역,1764795,45,55,45,17,11,11,9,0
1001181,서울 광진구 군자역,268671,54,46,30,22,14,18,14,0
1001182,홍익대학교 주변,21593,48,52,26,29,20,12,11,0
1001183,서울 마포구 홍대입구역_2,264750,51,49,38,25,17,8,5,0
1001184,서울 마포구 홍대입구역_3,773409,44,56,48,21,12,7,4,0
1001185,서울 서대문구 신촌역,5993,47,53,35,22,14,13,14,0
1001186,서울 서대문구 이대역,1179386,32,68,54,14,9,9,5,0
1001187,한양시장,322796,55,45,55,13,8,8,5,0
1001188,장충동 족발거리,91750,53,47,31,23,17,14,12,0
1001189,서울 중구 명동역,5245,50,50,17,39,22,10,10,0
1001190,장한평역,77496,66,34,19,21,20,21,18,0
1001191,왕십리역_1,109809,49,51,21,20,17,17,14,0
1001192,서울 중구 충무로역_1,359047,58,42,32,18,17,16,12,0
1001193,장한평역_1,138613,61,39,26,22,18,17,16,0
1001194,서울 강서구 발산역,470859,44,56,22,24,19,16,12,0
1001195,왕십리역_2,102389,52,48,32,18,17,17,13,0
1001196,시청역_1,55219,61,39,15,36,32,14,2,0
1001197,장한평역_2,6731,59,41,21,24,18,19,16,0
1001198,서울 강서구 송정역,113447,56,44,29,21,15,17,14,0
1001199,서울 중구 충무로역_2,16332,46,54,18,26,29,17,9,0
1001200,북창동,10798,54,46,16,29,27,19,9,0
1001201,서울 중구 신당역_1,465887,54,46,21,21,18,21,16,0
1001202,롯데백화점,40463,53,47,14,34,31,16,4,0
1001203,명동거리,9165,52,48,17,27,26,21,8,0
1001204,서울 중구 을지로3가역_1,18343,63,37,13,28,31,18,9,0
1001205,동대문역사문화공원역,419594,52,48,27,24,17,15,13,0
1001206,서대문구 서대문역_2,951202,54,46,21,23,20,18,13,0
1001207,서울 중구 신당역_2,721209,55,45,29,31,18,13,8,0
1001208,서울 중구 을지로3가역_2,8350,64,36,11,25,26,20,18,0
1001209,서울시청,23570,49,51,18,31,30,15,5,0
1001210,시청역_2,22148,63,37,17,31,29,17,6,0
1001211,동대문시장_1,357422,48,52,30,23,16,15,11,0
1001212,서대문구 서대문역_1,168392,53,47,20,21,20,19,15,0
1001213,종각역 젊음의 거리,1854585,55,45,46,23,12,8,7,0
1001214,종각역,20754,65,35,13,33,31,22,2,0
1001215,서울 종로구 광화문역_1,329637,54,46,23,27,23,15,10,0
1001216,서울 종로구 종로3가역_1,306897,62,38,30,16,14,15,23,0
1001217,서울 종로구 종로5가역_1,189532,53,47,18,16,17,22,24,0
1001218,동대문시장_2,230414,59,41,16,16,18,23,25,0
1001219,서울 종로구 동대문역_1,28713,53,47,16,15,18,27,22,0
1001220,서울 종로구 동대문역_2,362132,55,45,19,19,18,21,20,0
1001221,장안동사거리,492294,53,47,23,23,19,17,13,0
1001222,동묘앞역,76145,52,48,20,18,18,20,20,0
1001223,서울 종로구 광화문역_2,56838,59,41,13,30,31,18,7,0
1001224,서울 동대문구 신설동역_1,267075,59,41,21,16,16,22,22,0
1001225,신설동역,199958,55,45,21,17,18,22,20,0
1001226,서울 종로구 종로5가역_2,19435,65,35,19,31,26,16,6,0
1001227,종로구청,19045,55,45,18,30,27,16,7,0
1001228,서울 종로구 종로5가역_3,5675,67,33,12,23,26,22,16,0
1001229,서울 종로구 종로5가역_4,62948,57,43,28,21,18,16,13,0
1001230,인사동,21821,62,38,18,33,24,16,9,0
1001231,서울 동대문구 신설동역_2,396175,57,43,23,19,17,20,18,0
1001232,서울 종로구 종로3가역_2,1392017,57,43,35,16,13,14,19,0
1001233,서울 종로구 종로3가역_3,211093,57,43,30,17,16,16,18,0
1001234,서울 종로구 경복궁역_1,389304,52,48,26,22,19,16,12,0
1001235,서울 종로구 안국역_1,11599,80,20,11,36,31,17,5,0
1001236,서울 종로구 안국역_2,183264,55,45,22,25,19,17,14,0
1001237,서울 종로구 경복궁역_2,132538,54,46,28,23,20,16,10,0
1001238,서울 동대문구 청량리역,6312,60,40,17,19,19,19,21,0
1001239,디지털미디어시티,18586,63,37,18,37,30,11,3,0
1001240,혜화역 대학로_1,819725,42,58,45,20,12,9,6,0
1001241,혜화역 대학로_2,352752,49,51,53,14,9,8,6,0
1001242,혜화역 대학로_3,1120550,46,54,51,16,11,8,5,0
1001243,서울 성북구 안암역,374637,59,41,53,12,8,8,7,0
1001244,경희대학교,821872,49,51,48,13,10,10,10,0
1001245,서울 성북구 성신여대입구역,6377,57,43,15,22,22,25,14,0
1001246,미아사거리_1,67360,46,54,16,19,20,22,18,0
1001247,미아사거리_2,57926,39,61,16,19,22,21,17,0
1001248,서울 은평구 불광역_1,519012,49,51,23,18,17,20,19,0
1001249,서울 은평구 불광역_2,430209,50,50,23,17,17,20,20,0
1001250,서울 은평구 불광역_3,325225,49,51,24,16,16,19,20,0
1001251,서울 강북구 미아삼거리역_1,638290,48,52,30,17,16,16,13,0
1001252,서울 강북구 미아삼거리역_2,183089,47,53,25,17,16,19,15,0
1001253,서울 은평구 연신내역_1,1441130,50,50,30,16,14,15,15,0
1001254,서울 은평구 연신내역_2,2420962,50,50,30,16,14,15,14,0
1001255,서울 은평구 연신내역_3,26229,41,59,25,18,16,21,19,0
1001256,서울 강북구 수유역_1,320384,49,51,33,18,16,16,13,0
1001257,서울 강북구 수유역_2,6498,50,50,14,21,21,22,20,0
1001258,등나무근린공원 주변,22779,51,49,21,17,19,20,18,0
1001259,서울 강북구 수유역_3,215107,51,49,26,17,17,20,17,0
1001260,창동역,843464,56,44,18,16,18,23,20,0
1001261,서울 노원구 노원역_1,517483,40,60,24,18,19,19,13,0
1001262,서울 노원구 노원역_2,560733,44,56,27,17,17,18,13,0
1001263,서울 노원구 노원역_3,1913733,47,53,37,15,13,13,9,0
1001264,통인시장,92865,49,51,27,21,19,16,10,0
1001265,광장시장,144402,51,49,17,15,17,24,26,0
1001266,동대문종합시장,88042,43,57,25,24,18,17,14,0
1001267,종로신진시장,312324,58,42,16,18,18,24,23,0
1001268,충신시장,76008,63,37,22,17,17,21,18,0
1001269,동문시장,25770,57,43,17,18,17,23,24,0
1001270,창신골목시장,128465,53,47,16,15,18,26,22,0
1001271,동묘시장,259049,58,42,19,17,16,20,23,0
1001272,신설종합시장,23810,62,38,19,15,14,20,26,0
1001273,남대문시장,7225,51,49,16,36,27,14,7,0
1001274,신중부시장,310105,65,35,14,17,20,25,23,0
1001275,인현시장,38196,69,31,15,16,19,28,22,0
1001276,평화시장,53458,42,58,27,25,18,16,11,0
1001277,방산종합시장,306804,61,39,13,16,19,25,26,0
1001278,남평화시장,200,62,38,8,18,20,36,17,0
1001279,동평화시장,223443,47,53,17,26,19,21,16,0
1001280,제일평화시장,37960,38,62,17,25,17,19,22,0
1001281,청평화시장,47504,49,51,29,35,16,12,7,0
1001282,약수시장,249236,50,50,23,19,16,17,20,0
1001283,백학시장,116564,54,46,19,19,18,22,16,0
1001284,서울중앙시장,262564,53,47,17,18,17,24,22,0
1001285,합동(새벽)시장,24865,56,44,22,27,21,18,11,0
1001286,후암시장,23124,55,45,23,22,18,17,17,0
1001287,신흥시장,16037,49,51,26,21,16,14,16,0
1001288,만리시장,16218,50,50,18,17,19,20,16,0
1001289,용문전통시장,145777,58,42,20,21,19,18,17,0
1001290,이촌종합시장,22444,46,54,13,19,24,17,20,0
1001291,이태원시장,20712,48,52,53,24,10,7,4,0
1001292,이태원제일시장,22305,49,51,33,29,17,9,9,0
1001293,보광시장,11531,55,45,26,23,20,15,13,0
1001294,마장축산물시장,91863,58,42,15,21,21,22,18,0
1001295,행당시장,317173,46,54,23,22,17,17,15,0
1001296,금남시장,36349,52,48,18,19,17,18,22,0
1001297,뚝도시장,42772,55,45,19,25,20,21,12,0
1001298,성동용답상가시장,88376,55,45,26,17,19,17,16,0
1001299,한아름시장,75479,51,49,58,15,8,7,4,0
1001300,화양제일골목시장,128824,51,49,58,15,8,7,5,0
1001301,중곡제일시장,134444,46,54,17,17,18,25,19,0
1001302,면곡골목시장,53780,58,42,22,20,16,22,17,0
1001303,신성골목시장,19080,47,53,20,19,18,21,18,0
1001304,자양골목시장,174507,49,51,24,21,16,18,17,0
1001305,자양종합시장,12265,51,49,18,21,18,18,16,0
1001306,노룬산골목시장,36316,52,48,19,19,17,26,19,0
1001307,능동로골목시장,70982,52,48,20,18,18,22,19,0
1001308,영동교골목시장,98204,54,46,22,17,16,24,18,0
1001309,조양시장,19842,46,54,37,19,15,15,11,0
1001310,구의시장,33695,50,50,20,23,17,18,15,0
1001311,동부청과시장,2967,58,42,9,13,14,23,42,0
1001312,용두시장,21168,57,43,33,18,14,14,11,0
1001313,청량리수산시장,6835,39,61,1,7,12,39,40,0
1001314,경동시장,46897,51,49,13,12,14,20,40,0
1001315,동서시장,651,0,100,0,0,11,51,37,0
1001316,서울약령시장,417334,54,46,15,13,15,22,33,0
1001317,청량리농수산물시장,29768,55,45,13,12,15,24,35,0
1001318,청량리전통시장,52101,54,46,9,12,14,24,41,0
1001319,청량리종합시장,6665,41,59,6,8,14,31,41,0
1001320,전농로터리시장,69592,50,50,49,13,9,11,8,0
1001321,답십리현대시장,61039,56,44,18,20,19,21,18,0
1001322,동부시장,51268,51,49,20,19,17,21,21,0
1001323,답십리시장,50698,45,55,17,21,18,20,17,0
1001324,전곡시장,8477,48,52,17,17,20,21,19,0
1001325,청량리청과물시장,111704,53,47,13,12,13,22,39,0
1001326,회기시장,182773,48,52,51,14,10,9,7,0
1001327,이경시장,8263,57,43,21,16,18,21,22,0
1001328,이문제일시장,9988,49,51,26,15,17,18,19,0
1001329,동부골목시장,242988,51,49,25,17,16,19,16,0
1001330,동원시장,181001,50,50,20,17,16,23,20,0
1001331,면목골목시장,143366,50,50,17,18,18,22,19,0
1001332,사가정시장,279177,56,44,28,17,14,17,16,0
1001333,중화제일시장,67689,55,45,21,17,18,22,20,0
1001334,태능시장,158353,53,47,19,15,16,23,20,0
1001335,묵1동도깨비시장,75484,49,51,17,19,20,20,19,0
1001336,우림골목시장,162231,50,50,17,17,16,24,22,0
1001337,유영시장,5926,50,50,20,21,15,19,17,0
1001338,돈암제일시장,252491,46,54,29,16,15,17,17,0
1001339,정릉아리랑시장,12655,53,47,13,25,24,10,24,0
1001340,정릉시장,156707,55,45,36,15,13,15,15,0
1001341,길음시장,91521,50,50,16,17,18,17,22,0
1001342,밤나무골시장,36376,50,50,18,16,18,17,19,0
1001343,장위전통시장,105856,49,51,14,15,19,24,24,0
1001344,번동시장,40,92,8,0,15,55,22,5,0
1001345,새석관시장,10299,50,50,19,19,18,20,20,0
1001346,석관시장,9674,48,52,18,14,19,22,22,0
1001347,석관황금시장,122187,52,48,21,16,18,20,19,0
1001348,동북시장,64840,51,49,17,15,17,20,21,0
1001349,방천골목시장,271534,51,49,27,16,16,17,16,0
1001350,숭인시장,69334,49,51,34,17,15,15,11,0
1001351,솔샘시장,118262,51,49,16,15,18,20,21,0
1001352,번동북부골목시장,109651,50,50,24,19,18,19,16,0
1001353,수유전통시장,126280,47,53,18,14,15,25,25,0
1001354,우이시장,91367,48,52,19,17,18,21,22,0
1001355,강북종합시장,105699,52,48,24,17,17,20,18,0
1001356,수유중앙시장,3932,50,50,29,19,16,18,17,0
1001357,장미원골목시장,92725,47,53,20,18,16,19,18,0
1001358,수유북부시장,5971,47,53,19,18,19,21,21,0
1001359,창동신창시장,109295,52,48,17,17,18,23,18,0
1001360,창동골목시장,3034,58,42,14,15,20,30,17,0
1001361,신도봉시장,5864,50,50,23,16,17,21,19,0
1001362,백운시장,16891,43,57,22,10,17,21,27,0
1001363,쌍문역골목시장,47468,50,50,25,18,16,18,16,0
1001364,방학동도깨비시장,156698,54,46,16,14,17,25,23,0
1001365,공릉동도깨비시장,86520,51,49,30,18,15,18,17,0
1001366,상계시장,15197,50,50,17,15,18,21,22,0
1001367,상계중앙시장,281406,50,50,19,13,14,23,23,0
1001368,연서시장,87087,49,51,30,16,14,16,15,0
1001369,갈현시장,13336,53,47,27,18,14,17,16,0
1001370,역촌중앙시장,16994,47,53,18,18,16,19,17,0
1001371,대조시장,17163,49,51,19,18,17,21,21,0
1001372,녹번시장,3833,51,49,9,15,20,23,21,0
1001373,신응암시장,44875,49,51,18,20,19,17,16,0
1001374,대림골목시장,85236,50,50,21,19,16,19,17,0
1001375,증산종합시장,5078,50,50,19,19,19,21,20,0
1001376,수일시장,10135,68,32,16,17,21,26,20,0
1001377,영천시장,81254,50,50,16,16,17,19,20,0
1001378,아현가구거리상점가,33799,51,49,20,23,20,18,15,0
1001379,인왕시장,91804,47,53,22,15,16,20,21,0
1001380,포방터시장,117170,53,47,18,14,18,21,21,0
1001381,모래내시장,33183,48,52,19,18,18,17,19,0
1001382,백련시장,51330,52,48,24,17,17,18,16,0
1001383,공덕시장,64825,56,44,21,23,20,19,14,0
1001384,마포시장,50036,55,45,21,23,20,19,14,0
1001385,아현시장,255455,48,52,18,17,17,21,19,0
1001386,신수시장,31181,49,51,18,21,19,17,16,0
1001387,서교시장,53729,43,57,56,13,7,4,2,0
1001388,영진시장,28221,48,52,30,27,18,12,9,0
1001389,합정시장,28138,49,51,34,28,15,12,8,0
1001390,망원시장,106160,44,56,28,24,18,13,13,0
1001391,망원월드컵시장,105873,46,54,25,21,20,16,13,0
1001392,동진시장,51265,43,57,51,21,11,7,6,0
1001393,마포농수산물시장,1352,56,44,17,21,19,23,20,0
1001394,목2동시장,142961,55,45,25,23,18,18,14,0
1001395,목3동시장,193057,49,51,24,21,15,18,16,0
1001396,목4동시장,31883,52,48,15,14,21,19,13,0
1001397,신영시장,49997,53,47,17,20,18,22,19,0
1001398,월정로시장,30340,52,48,14,15,19,26,25,0
1001399,경창시장,101011,48,52,15,19,18,19,21,0
1001400,신월3동골목시장,17762,54,46,17,19,16,22,19,0
1001401,신곡종합시장,36880,57,43,14,20,19,23,19,0
1001402,신월6동골목시장,56095,54,46,15,17,19,23,21,0
1001403,신월7동골목시장,19035,57,43,25,16,17,17,18,0
1001404,신정제일시장,15206,51,49,16,18,20,22,19,0
1001405,신정2동골목시장,32390,51,49,23,13,21,21,17,0
1001406,신정3동골목시장,100324,55,45,21,16,18,22,16,0
1001407,등마루시장,12034,46,54,18,24,16,17,19,0
1001408,신월중앙시장,10205,52,48,18,19,16,20,19,0
1001409,화곡중앙골목시장,98908,47,53,17,20,18,19,19,0
1001410,대원종합시장,22326,49,51,22,18,16,20,17,0
1001411,남부골목시장,106982,47,53,19,22,18,19,17,0
1001412,화곡본동시장,95179,49,51,21,25,17,15,17,0
1001413,까치산시장,469680,47,53,28,21,15,15,16,0
1001414,송화골목시장,85923,46,54,16,17,18,16,16,0
1001415,방신전통시장,67616,55,45,16,22,16,22,21,0
1001416,공항시장,64100,56,44,27,19,15,20,16,0
1001417,구로시장,29134,57,43,17,25,23,19,16,0
1001418,남구로시장,184856,51,49,13,17,19,27,24,0
1001419,가리봉시장,36648,64,36,21,22,21,24,13,0
1001420,고척근린시장,56978,54,46,20,17,16,19,19,0
1001421,개봉중앙시장,12272,48,52,19,22,19,19,19,0
1001422,오류시장,10626,54,46,24,20,16,18,19,0
1001423,독산동 우시장,70088,59,41,18,22,19,22,15,0
1001424,남문시장,63788,56,44,16,21,20,24,18,0
1001425,푸른터시장,21897,51,49,17,22,17,19,19,0
1001426,대명시장,21814,53,47,21,18,17,21,18,0
1001427,현대시장,439434,53,47,21,19,17,21,18,0
1001428,박미시장,3931,70,30,10,23,19,28,18,0
1001429,은행나무시장,28884,54,46,20,18,19,19,23,0
1001430,영등포전통시장,6395,54,46,14,30,23,16,15,0
1001431,영등포청과시장,30612,55,45,22,21,19,19,18,0
1001432,도림시장,11544,51,49,22,22,18,19,17,0
1001433,영일시장,99539,51,49,28,25,17,15,12,0
1001434,양남시장,10367,56,44,21,23,23,19,14,0
1001435,대신시장,61069,49,51,17,16,19,21,21,0
1001436,사러가시장,84430,51,49,17,17,17,24,21,0
1001437,영진시장A동,60727,52,48,15,23,16,21,19,0
1001438,우리시장,7932,39,61,11,8,8,39,34,0
1001439,대림중앙시장,39250,51,49,15,21,20,26,17,0
1001440,노량진중앙시장,208395,60,40,67,16,5,4,3,0
1001441,본동인정시장,67374,53,47,29,22,14,16,17,0
1001442,신노량진시장,17353,43,57,23,28,13,19,17,0
1001443,강남시장_동작,32572,50,50,38,14,12,13,14,0
1001444,상도전통시장,114876,50,50,33,18,12,15,16,0
1001445,영도시장,45718,49,51,24,19,17,18,18,0
1001446,성대시장,37976,49,51,26,18,16,17,17,0
1001447,상도4동도깨비골목시장,112771,50,50,24,19,16,19,20,0
1001448,흑석시장,617788,49,51,33,14,14,16,17,0
1001449,남성사계시장,203395,50,50,25,18,15,17,18,0
1001450,남성역골목시장,398605,50,50,23,20,16,16,18,0
1001451,사당시장,71094,51,49,23,20,16,16,18,0
1001452,중부시장,92965,48,52,26,19,14,15,18,0
1001453,낙성대시장,81509,51,49,44,19,11,11,11,0
1001454,봉천제일종합시장,24694,51,49,29,17,14,16,19,0
1001455,봉일시장,53187,55,45,22,19,17,17,20,0
1001456,봉천현대시장,19024,45,55,18,21,18,13,15,0
1001457,봉천중앙시장,13688,50,50,33,19,12,15,17,0
1001458,인헌시장,129683,48,52,30,20,14,16,15,0
1001459,신원시장,517589,53,47,36,20,12,15,14,0
1001460,관악신사시장,82537,47,53,35,23,11,15,13,0
1001461,신림종합시장,16516,49,51,27,20,14,17,15,0
1001462,강남골목시장,214365,56,44,27,27,18,15,11,0
1001463,신림중앙시장,15099,50,50,28,19,17,17,16,0
1001464,삼성동시장,140197,56,44,39,18,13,13,13,0
1001465,신신림시장,19786,57,43,41,19,12,12,12,0
1001466,미성동도깨비시장,30624,57,43,28,22,10,16,22,0
1001467,우림시장,9668,52,48,21,19,16,20,18,0
1001468,남부종합시장,12840,55,45,22,20,20,16,13,0
1001469,양재시장,25847,61,39,22,22,17,17,20,0
1001470,강남시장_강남,70571,53,47,39,28,15,8,6,0
1001471,영동전통시장,265354,57,43,35,30,16,9,7,0
1001472,논현종합시장,22151,57,43,26,30,19,14,10,0
1001473,청담삼익시장,18676,51,49,18,25,19,17,15,0
1001474,도곡시장,57463,41,59,17,16,25,19,12,0
1001475,강남개포시장,9396,50,50,14,8,22,23,23,0
1001476,풍납시장,134440,49,51,16,18,18,20,22,0
1001477,마천시장,62444,52,48,14,15,17,24,24,0
1001478,방이시장,5855,49,51,16,22,15,17,19,0
1001479,석촌시장,74399,53,47,18,23,19,20,18,0
1001480,새마을시장,278367,55,45,32,22,15,13,12,0
1001481,명일골목시장,31930,47,53,17,14,19,21,20,0
1001482,고덕전통시장,6067,83,17,3,13,18,43,23,0
1001483,암사종합시장,303088,51,49,19,17,18,20,19,0
1001484,양지골목시장,34899,51,49,16,20,18,18,14,0
1001485,고분다리골목시장,28493,52,48,17,16,18,23,23,0
1001486,동서울시장,36468,55,45,25,17,14,21,19,0
1001487,천호시장,130658,55,45,26,17,15,20,18,0
1001488,성내골목시장,90355,49,51,18,19,18,21,20,0
1001489,둔촌역전통시장,117179,53,47,18,17,17,21,21,0
1001490,길동복조리시장,206428,51,49,18,18,18,20,20,0
1001491,이태원 관광특구,11253,51,49,20,24,17,16,19,0
1001492,명동 남대문 북창동 다동 무교동 관광특구,159936,49,51,21,33,26,15,4,0
1001493,동대문패션타운 관광특구,12580,55,45,22,30,21,16,11,0
1001494,종로·청계 관광특구,33622,60,40,14,29,26,21,9,0
1001495,잠실 관광특구,37758,56,44,18,25,20,20,15,0
1001496,강남 마이스 관광특구,22588,57,43,24,35,25,12,4,0
